{"label": "64 de-confounded runs (neutral framing, no averaging hint) \u00b7 mean \u00b1 95% CI", "rows": [{"offset": 0.0, "n_seeds": 10, "survivor_rate": {"mean": 0.985, "ci": 0.029400000000000003, "n": 10}, "cooperation": {"mean": 0.14420768423546934, "ci": 0.20167659742764235, "n": 10}, "reciprocity": {"mean": 0.06506410256410257, "ci": 0.12204383618564885, "n": 10}, "deception": {"mean": 0.6274509803921569, "ci": 0.0, "n": 1}, "messages": {"mean": 17.3, "ci": 25.667021330882942, "n": 10}, "messages_per_round": {"mean": 0.1731978021978022, "ci": 0.25662017241429175, "n": 10}, "exposure": {"mean": 99.1, "ci": 1.764, "n": 10}, "social_frac": {"mean": 0.32235676730587093, "ci": 0.1160807948421821, "n": 10}, "welfare": {"mean": 905.1, "ci": 37.45081963796728, "n": 10}}, {"offset": 50.0, "n_seeds": 9, "survivor_rate": {"mean": 0.8888888888888888, "ci": 0.1354562022059137, "n": 9}, "cooperation": {"mean": 0.08056236618081197, "ci": 0.104546323927021, "n": 9}, "reciprocity": {"mean": 0.06723027375201289, "ci": 0.12653246431369639, "n": 9}, "deception": {"mean": 0.0, "ci": 0.0, "n": 1}, "messages": {"mean": 8.666666666666666, "ci": 11.349022473812937, "n": 9}, "messages_per_round": {"mean": 0.08831615120274915, "ci": 0.11624796003877448, "n": 9}, "exposure": {"mean": 92.44444444444444, "ci": 9.297733959956235, "n": 9}, "social_frac": {"mean": 0.5448365275475898, "ci": 0.08223756888408174, "n": 9}, "welfare": {"mean": 765.7777777777778, "ci": 111.30122400134479, "n": 9}}, {"offset": 100.0, "n_seeds": 10, "survivor_rate": {"mean": 0.635, "ci": 0.15669788341476304, "n": 10}, "cooperation": {"mean": 0.24716654376468283, "ci": 0.1067116740847525, "n": 10}, "reciprocity": {"mean": 0.004554655870445344, "ci": 0.006040752503523397, "n": 10}, "deception": {"mean": 0.0, "ci": 0.0, "n": 3}, "messages": {"mean": 20.5, "ci": 12.790157674295234, "n": 10}, "messages_per_round": {"mean": 0.23998765961425989, "ci": 0.14326374744367448, "n": 10}, "exposure": {"mean": 82.8, "ci": 7.285765238539539, "n": 10}, "social_frac": {"mean": 0.44289596650632684, "ci": 0.06298979746268162, "n": 10}, "welfare": {"mean": 494.6, "ci": 87.73913966601982, "n": 10}}, {"offset": 150.0, "n_seeds": 10, "survivor_rate": {"mean": 0.43499999999999994, "ci": 0.14167695648904938, "n": 10}, "cooperation": {"mean": 0.037205624755003594, "ci": 0.055513309469247776, "n": 10}, "reciprocity": {"mean": 0.103125, "ci": 0.19541427237339196, "n": 10}, "deception": {"mean": 0.0, "ci": 0.0, "n": 1}, "messages": {"mean": 3.7, "ci": 6.177714931734692, "n": 10}, "messages_per_round": {"mean": 0.04534627623567909, "ci": 0.07063423675088133, "n": 10}, "exposure": {"mean": 70.1, "ci": 7.716251133520445, "n": 10}, "social_frac": {"mean": 0.4899973949191372, "ci": 0.11583865078728388, "n": 10}, "welfare": {"mean": 382.6, "ci": 76.90829545200786, "n": 10}}, {"offset": 200.0, "n_seeds": 7, "survivor_rate": {"mean": 0.22857142857142856, "ci": 0.14322941969674619, "n": 7}, "cooperation": {"mean": 0.18932393439607084, "ci": 0.18354623238858234, "n": 7}, "reciprocity": {"mean": 0.22820335863814126, "ci": 0.28879922204176306, "n": 7}, "deception": {"mean": 0.0, "ci": 0.0, "n": 4}, "messages": {"mean": 16.0, "ci": 11.960512809518939, "n": 7}, "messages_per_round": {"mean": 0.29922104039751096, "ci": 0.22608566951961892, "n": 7}, "exposure": {"mean": 55.0, "ci": 10.371345139373194, "n": 7}, "social_frac": {"mean": 0.5382970199281786, "ci": 0.06576702178542541, "n": 7}, "welfare": {"mean": 218.71428571428572, "ci": 78.32729962577967, "n": 7}}, {"offset": 250.0, "n_seeds": 3, "survivor_rate": {"mean": 0.15, "ci": 0.05658032638058333, "n": 3}, "cooperation": {"mean": 0.09766139657444006, "ci": 0.14153623801016108, "n": 3}, "reciprocity": {"mean": 0.20175438596491227, "ci": 0.2982870972182372, "n": 3}, "deception": {"mean": 0.0, "ci": 0.0, "n": 1}, "messages": {"mean": 7.666666666666667, "ci": 12.205273905616012, "n": 3}, "messages_per_round": {"mean": 0.15416666666666667, "ci": 0.24349817475930108, "n": 3}, "exposure": {"mean": 49.333333333333336, "ci": 1.3066666666666666, "n": 3}, "social_frac": {"mean": 0.447232985574251, "ci": 0.139254878605462, "n": 3}, "welfare": {"mean": 166.0, "ci": 7.921245693281666, "n": 3}}, {"offset": 300.0, "n_seeds": 8, "survivor_rate": {"mean": 0.06875, "ci": 0.045128289353796695, "n": 8}, "cooperation": {"mean": 0.05272225937808622, "ci": 0.046930623522797574, "n": 8}, "reciprocity": {"mean": 0.0, "ci": 0.0, "n": 8}, "deception": {"mean": 0.25, "ci": 0.49, "n": 3}, "messages": {"mean": 3.0, "ci": 2.8209218351453837, "n": 8}, "messages_per_round": {"mean": 0.08282282447028991, "ci": 0.07939903707958991, "n": 8}, "exposure": {"mean": 38.875, "ci": 6.515736719665704, "n": 8}, "social_frac": {"mean": 0.4912149750347876, "ci": 0.12142805890302728, "n": 8}, "welfare": {"mean": 100.0, "ci": 33.15074659792747, "n": 8}}, {"offset": 350.0, "n_seeds": 7, "survivor_rate": {"mean": 0.08571428571428573, "ci": 0.07919595949289332, "n": 7}, "cooperation": {"mean": 0.20167788129744652, "ci": 0.14804361304905256, "n": 7}, "reciprocity": {"mean": 0.011904761904761904, "ci": 0.023333333333333334, "n": 7}, "deception": {"mean": 0.0, "ci": 0.0, "n": 1}, "messages": {"mean": 6.142857142857143, "ci": 5.729176787869847, "n": 7}, "messages_per_round": {"mean": 0.18133558332893882, "ci": 0.1570509817144141, "n": 7}, "exposure": {"mean": 35.0, "ci": 8.961458214673176, "n": 7}, "social_frac": {"mean": 0.47558555966888505, "ci": 0.11609972681941469, "n": 7}, "welfare": {"mean": 89.71428571428571, "ci": 46.34796507579018, "n": 7}}]}