{"label": "97 de-confounded runs (neutral framing, no averaging hint) \u00b7 mean \u00b1 95% CI", "rows": [{"offset": 0.0, "n_seeds": 10, "survivor_rate": {"mean": 0.985, "ci": 0.029400000000000003, "n": 10}, "cooperation": {"mean": 0.14420768423546934, "ci": 0.20167659742764235, "n": 10}, "reciprocity": {"mean": 0.06506410256410257, "ci": 0.12204383618564885, "n": 10}, "deception": {"mean": 0.6274509803921569, "ci": 0.13269440054744505, "n": 51}, "messages": {"mean": 17.3, "ci": 25.667021330882942, "n": 10}, "messages_per_round": {"mean": 0.1731978021978022, "ci": 0.25662017241429175, "n": 10}, "exposure": {"mean": 99.1, "ci": 1.764, "n": 10}, "social_frac": {"mean": 0.32235676730587093, "ci": 0.1160807948421821, "n": 10}, "welfare": {"mean": 905.1, "ci": 37.45081963796728, "n": 10}}, {"offset": 50.0, "n_seeds": 9, "survivor_rate": {"mean": 0.8888888888888888, "ci": 0.1354562022059137, "n": 9}, "cooperation": {"mean": 0.08056236618081197, "ci": 0.104546323927021, "n": 9}, "reciprocity": {"mean": 0.06723027375201289, "ci": 0.12653246431369639, "n": 9}, "deception": {"mean": 0.0, "ci": 0.0, "n": 48}, "messages": {"mean": 8.666666666666666, "ci": 11.349022473812937, "n": 9}, "messages_per_round": {"mean": 0.08831615120274915, "ci": 0.11624796003877448, "n": 9}, "exposure": {"mean": 92.44444444444444, "ci": 9.297733959956235, "n": 9}, "social_frac": {"mean": 0.5448365275475898, "ci": 0.08223756888408174, "n": 9}, "welfare": {"mean": 765.7777777777778, "ci": 111.30122400134479, "n": 9}}, {"offset": 100.0, "n_seeds": 10, "survivor_rate": {"mean": 0.635, "ci": 0.15669788341476304, "n": 10}, "cooperation": {"mean": 0.24716654376468283, "ci": 0.1067116740847525, "n": 10}, "reciprocity": {"mean": 0.004554655870445344, "ci": 0.006040752503523397, "n": 10}, "deception": {"mean": 0.0, "ci": 0.0, "n": 62}, "messages": {"mean": 20.5, "ci": 12.790157674295234, "n": 10}, "messages_per_round": {"mean": 0.23998765961425989, "ci": 0.14326374744367448, "n": 10}, "exposure": {"mean": 82.8, "ci": 7.285765238539539, "n": 10}, "social_frac": {"mean": 0.44289596650632684, "ci": 0.06298979746268162, "n": 10}, "welfare": {"mean": 494.6, "ci": 87.73913966601982, "n": 10}}, {"offset": 150.0, "n_seeds": 10, "survivor_rate": {"mean": 0.43499999999999994, "ci": 0.14167695648904938, "n": 10}, "cooperation": {"mean": 0.037205624755003594, "ci": 0.055513309469247776, "n": 10}, "reciprocity": {"mean": 0.103125, "ci": 0.19541427237339196, "n": 10}, "deception": {"mean": 0.0, "ci": 0.0, "n": 1}, "messages": {"mean": 3.7, "ci": 6.177714931734692, "n": 10}, "messages_per_round": {"mean": 0.04534627623567909, "ci": 0.07063423675088133, "n": 10}, "exposure": {"mean": 70.1, "ci": 7.716251133520445, "n": 10}, "social_frac": {"mean": 0.4899973949191372, "ci": 0.11583865078728388, "n": 10}, "welfare": {"mean": 382.6, "ci": 76.90829545200786, "n": 10}}, {"offset": 200.0, "n_seeds": 10, "survivor_rate": {"mean": 0.23499999999999996, "ci": 0.10126666666666667, "n": 10}, "cooperation": {"mean": 0.1737827489414919, "ci": 0.1303405571797409, "n": 10}, "reciprocity": {"mean": 0.25974235104669885, "ci": 0.261475285647312, "n": 10}, "deception": {"mean": 0.0, "ci": 0.0, "n": 28}, "messages": {"mean": 16.0, "ci": 9.019786644434063, "n": 10}, "messages_per_round": {"mean": 0.29536130402330973, "ci": 0.16880177309216404, "n": 10}, "exposure": {"mean": 55.3, "ci": 7.240218658453776, "n": 10}, "social_frac": {"mean": 0.5412675985867981, "ci": 0.08220270262484329, "n": 10}, "welfare": {"mean": 221.0, "ci": 54.59928204656174, "n": 10}}, {"offset": 250.0, "n_seeds": 8, "survivor_rate": {"mean": 0.1375, "ci": 0.06867495904622004, "n": 8}, "cooperation": {"mean": 0.16285153524581333, "ci": 0.11586592660744792, "n": 8}, "reciprocity": {"mean": 0.0881578947368421, "ci": 0.1197119002362411, "n": 8}, "deception": {"mean": 0.0, "ci": 0.0, "n": 36}, "messages": {"mean": 11.125, "ci": 6.290757108647575, "n": 8}, "messages_per_round": {"mean": 0.24430718653713135, "ci": 0.14372166139520207, "n": 8}, "exposure": {"mean": 46.0, "ci": 6.500584589096583, "n": 8}, "social_frac": {"mean": 0.5071105651659005, "ci": 0.07812284215862865, "n": 8}, "welfare": {"mean": 146.125, "ci": 36.773675706951025, "n": 8}}, {"offset": 300.0, "n_seeds": 10, "survivor_rate": {"mean": 0.08, "ci": 0.044311222556418416, "n": 10}, "cooperation": {"mean": 0.07255755433791203, "ci": 0.06333970815640781, "n": 10}, "reciprocity": {"mean": 0.07777777777777778, "ci": 0.1524444444444444, "n": 10}, "deception": {"mean": 0.38235294117647056, "ci": 0.1633499550535548, "n": 34}, "messages": {"mean": 3.3, "ci": 2.6141498724356933, "n": 10}, "messages_per_round": {"mean": 0.08875825957623193, "ci": 0.07115629010709146, "n": 10}, "exposure": {"mean": 39.3, "ci": 5.177847000014152, "n": 10}, "social_frac": {"mean": 0.47423025920560063, "ci": 0.09840390503614053, "n": 10}, "welfare": {"mean": 102.3, "ci": 26.412853470317145, "n": 10}}, {"offset": 350.0, "n_seeds": 10, "survivor_rate": {"mean": 0.135, "ci": 0.08524685722457259, "n": 10}, "cooperation": {"mean": 0.27167800035287243, "ci": 0.18356494311425153, "n": 10}, "reciprocity": {"mean": 0.08958333333333333, "ci": 0.15826977525497168, "n": 10}, "deception": {"mean": 0.0, "ci": 0.0, "n": 55}, "messages": {"mean": 6.0, "ci": 4.711253666606279, "n": 10}, "messages_per_round": {"mean": 0.16384517660037742, "ci": 0.1227193437018247, "n": 10}, "exposure": {"mean": 40.3, "ci": 8.672615496812686, "n": 10}, "social_frac": {"mean": 0.44108217124312254, "ci": 0.08857541211356662, "n": 10}, "welfare": {"mean": 121.6, "ci": 57.10312735549408, "n": 10}}, {"offset": 400.0, "n_seeds": 10, "survivor_rate": {"mean": 0.06, "ci": 0.05018348555274157, "n": 10}, "cooperation": {"mean": 0.2120259751612268, "ci": 0.18548929408943893, "n": 10}, "reciprocity": {"mean": 0.10909090909090909, "ci": 0.17778541765034966, "n": 10}, "deception": {"mean": 0.09574468085106383, "ci": 0.0594832937450923, "n": 94}, "messages": {"mean": 10.1, "ci": 9.845410346394347, "n": 10}, "messages_per_round": {"mean": 0.2668774208247892, "ci": 0.28887566704453665, "n": 10}, "exposure": {"mean": 35.3, "ci": 6.287293853479412, "n": 10}, "social_frac": {"mean": 0.5572395738207214, "ci": 0.13245157482076528, "n": 10}, "welfare": {"mean": 86.9, "ci": 42.71466152661558, "n": 10}}, {"offset": 500.0, "n_seeds": 10, "survivor_rate": {"mean": 0.03, "ci": 0.04889098985384616, "n": 10}, "cooperation": {"mean": 0.10028863996399658, "ci": 0.07638388408673225, "n": 10}, "reciprocity": {"mean": 0.20375000000000001, "ci": 0.2508124138563409, "n": 10}, "deception": {"mean": 0.07692307692307693, "ci": 0.08363172189241916, "n": 39}, "messages": {"mean": 4.8, "ci": 4.292156360411654, "n": 10}, "messages_per_round": {"mean": 0.11767946155127566, "ci": 0.10283072903912945, "n": 10}, "exposure": {"mean": 33.9, "ci": 9.12072989281986, "n": 10}, "social_frac": {"mean": 0.4951136465375699, "ci": 0.08088717178367336, "n": 10}, "welfare": {"mean": 68.4, "ci": 41.912440879104665, "n": 10}}]}