{"label": "72 de-confounded runs (neutral framing, no averaging hint) \u00b7 mean \u00b1 95% CI", "rows": [{"offset": 0.0, "n_seeds": 10, "survivor_rate": {"mean": 0.985, "ci": 0.029400000000000003, "n": 10}, "cooperation": {"mean": 0.14420768423546934, "ci": 0.20167659742764235, "n": 10}, "reciprocity": {"mean": 0.06506410256410257, "ci": 0.12204383618564885, "n": 10}, "deception": {"mean": 0.6274509803921569, "ci": 0.0, "n": 1}, "messages": {"mean": 17.3, "ci": 25.667021330882942, "n": 10}, "messages_per_round": {"mean": 0.1731978021978022, "ci": 0.25662017241429175, "n": 10}, "exposure": {"mean": 99.1, "ci": 1.764, "n": 10}, "social_frac": {"mean": 0.32235676730587093, "ci": 0.1160807948421821, "n": 10}, "welfare": {"mean": 905.1, "ci": 37.45081963796728, "n": 10}}, {"offset": 50.0, "n_seeds": 9, "survivor_rate": {"mean": 0.8888888888888888, "ci": 0.1354562022059137, "n": 9}, "cooperation": {"mean": 0.08056236618081197, "ci": 0.104546323927021, "n": 9}, "reciprocity": {"mean": 0.06723027375201289, "ci": 0.12653246431369639, "n": 9}, "deception": {"mean": 0.0, "ci": 0.0, "n": 1}, "messages": {"mean": 8.666666666666666, "ci": 11.349022473812937, "n": 9}, "messages_per_round": {"mean": 0.08831615120274915, "ci": 0.11624796003877448, "n": 9}, "exposure": {"mean": 92.44444444444444, "ci": 9.297733959956235, "n": 9}, "social_frac": {"mean": 0.5448365275475898, "ci": 0.08223756888408174, "n": 9}, "welfare": {"mean": 765.7777777777778, "ci": 111.30122400134479, "n": 9}}, {"offset": 100.0, "n_seeds": 10, "survivor_rate": {"mean": 0.635, "ci": 0.15669788341476304, "n": 10}, "cooperation": {"mean": 0.24716654376468283, "ci": 0.1067116740847525, "n": 10}, "reciprocity": {"mean": 0.004554655870445344, "ci": 0.006040752503523397, "n": 10}, "deception": {"mean": 0.0, "ci": 0.0, "n": 3}, "messages": {"mean": 20.5, "ci": 12.790157674295234, "n": 10}, "messages_per_round": {"mean": 0.23998765961425989, "ci": 0.14326374744367448, "n": 10}, "exposure": {"mean": 82.8, "ci": 7.285765238539539, "n": 10}, "social_frac": {"mean": 0.44289596650632684, "ci": 0.06298979746268162, "n": 10}, "welfare": {"mean": 494.6, "ci": 87.73913966601982, "n": 10}}, {"offset": 150.0, "n_seeds": 10, "survivor_rate": {"mean": 0.43499999999999994, "ci": 0.14167695648904938, "n": 10}, "cooperation": {"mean": 0.037205624755003594, "ci": 0.055513309469247776, "n": 10}, "reciprocity": {"mean": 0.103125, "ci": 0.19541427237339196, "n": 10}, "deception": {"mean": 0.0, "ci": 0.0, "n": 1}, "messages": {"mean": 3.7, "ci": 6.177714931734692, "n": 10}, "messages_per_round": {"mean": 0.04534627623567909, "ci": 0.07063423675088133, "n": 10}, "exposure": {"mean": 70.1, "ci": 7.716251133520445, "n": 10}, "social_frac": {"mean": 0.4899973949191372, "ci": 0.11583865078728388, "n": 10}, "welfare": {"mean": 382.6, "ci": 76.90829545200786, "n": 10}}, {"offset": 200.0, "n_seeds": 10, "survivor_rate": {"mean": 0.23499999999999996, "ci": 0.10126666666666667, "n": 10}, "cooperation": {"mean": 0.1737827489414919, "ci": 0.1303405571797409, "n": 10}, "reciprocity": {"mean": 0.25974235104669885, "ci": 0.261475285647312, "n": 10}, "deception": {"mean": 0.0, "ci": 0.0, "n": 5}, "messages": {"mean": 16.0, "ci": 9.019786644434063, "n": 10}, "messages_per_round": {"mean": 0.29536130402330973, "ci": 0.16880177309216404, "n": 10}, "exposure": {"mean": 55.3, "ci": 7.240218658453776, "n": 10}, "social_frac": {"mean": 0.5412675985867981, "ci": 0.08220270262484329, "n": 10}, "welfare": {"mean": 221.0, "ci": 54.59928204656174, "n": 10}}, {"offset": 250.0, "n_seeds": 3, "survivor_rate": {"mean": 0.15, "ci": 0.05658032638058333, "n": 3}, "cooperation": {"mean": 0.09766139657444006, "ci": 0.14153623801016108, "n": 3}, "reciprocity": {"mean": 0.20175438596491227, "ci": 0.2982870972182372, "n": 3}, "deception": {"mean": 0.0, "ci": 0.0, "n": 1}, "messages": {"mean": 7.666666666666667, "ci": 12.205273905616012, "n": 3}, "messages_per_round": {"mean": 0.15416666666666667, "ci": 0.24349817475930108, "n": 3}, "exposure": {"mean": 49.333333333333336, "ci": 1.3066666666666666, "n": 3}, "social_frac": {"mean": 0.447232985574251, "ci": 0.139254878605462, "n": 3}, "welfare": {"mean": 166.0, "ci": 7.921245693281666, "n": 3}}, {"offset": 300.0, "n_seeds": 10, "survivor_rate": {"mean": 0.08, "ci": 0.044311222556418416, "n": 10}, "cooperation": {"mean": 0.07255755433791203, "ci": 0.06333970815640781, "n": 10}, "reciprocity": {"mean": 0.07777777777777778, "ci": 0.1524444444444444, "n": 10}, "deception": {"mean": 0.2875, "ci": 0.3541923912226235, "n": 4}, "messages": {"mean": 3.3, "ci": 2.6141498724356933, "n": 10}, "messages_per_round": {"mean": 0.08875825957623193, "ci": 0.07115629010709146, "n": 10}, "exposure": {"mean": 39.3, "ci": 5.177847000014152, "n": 10}, "social_frac": {"mean": 0.47423025920560063, "ci": 0.09840390503614053, "n": 10}, "welfare": {"mean": 102.3, "ci": 26.412853470317145, "n": 10}}, {"offset": 350.0, "n_seeds": 9, "survivor_rate": {"mean": 0.10555555555555556, "ci": 0.07014675973439234, "n": 9}, "cooperation": {"mean": 0.26387774018315363, "ci": 0.20451879438262424, "n": 9}, "reciprocity": {"mean": 0.09953703703703703, "ci": 0.17560150398848481, "n": 9}, "deception": {"mean": 0.0, "ci": 0.0, "n": 3}, "messages": {"mean": 6.666666666666667, "ci": 5.060698239044357, "n": 9}, "messages_per_round": {"mean": 0.1820501962226416, "ci": 0.13127663407260878, "n": 9}, "exposure": {"mean": 37.55555555555556, "ci": 7.6058713512881395, "n": 9}, "social_frac": {"mean": 0.45045060620452393, "ci": 0.09687902069234655, "n": 9}, "welfare": {"mean": 99.11111111111111, "ci": 40.58752085780451, "n": 9}}, {"offset": 400.0, "n_seeds": 1, "survivor_rate": {"mean": 0.0, "ci": 0.0, "n": 1}, "cooperation": {"mean": 0.0, "ci": 0.0, "n": 1}, "reciprocity": {"mean": 0.0, "ci": 0.0, "n": 1}, "deception": {"mean": NaN, "ci": 0.0, "n": 0}, "messages": {"mean": 0.0, "ci": 0.0, "n": 1}, "messages_per_round": {"mean": 0.0, "ci": 0.0, "n": 1}, "exposure": {"mean": 20.0, "ci": 0.0, "n": 1}, "social_frac": {"mean": 0.3253968253968254, "ci": 0.0, "n": 1}, "welfare": {"mean": 2.0, "ci": 0.0, "n": 1}}]}