{"label": "50 de-confounded runs (neutral framing, no averaging hint) \u00b7 mean \u00b1 95% CI", "rows": [{"offset": 0.0, "n_seeds": 10, "survivor_rate": {"mean": 0.985, "ci": 0.029400000000000003, "n": 10}, "cooperation": {"mean": 0.14420768423546934, "ci": 0.20167659742764235, "n": 10}, "reciprocity": {"mean": 0.06506410256410257, "ci": 0.12204383618564885, "n": 10}, "deception": {"mean": 0.6274509803921569, "ci": 0.0, "n": 1}, "messages": {"mean": 17.3, "ci": 25.667021330882942, "n": 10}, "messages_per_round": {"mean": 0.1731978021978022, "ci": 0.25662017241429175, "n": 10}, "exposure": {"mean": 99.1, "ci": 1.764, "n": 10}, "social_frac": {"mean": 0.32235676730587093, "ci": 0.1160807948421821, "n": 10}, "welfare": {"mean": 905.1, "ci": 37.45081963796728, "n": 10}}, {"offset": 50.0, "n_seeds": 9, "survivor_rate": {"mean": 0.8888888888888888, "ci": 0.1354562022059137, "n": 9}, "cooperation": {"mean": 0.08056236618081197, "ci": 0.104546323927021, "n": 9}, "reciprocity": {"mean": 0.06723027375201289, "ci": 0.12653246431369639, "n": 9}, "deception": {"mean": 0.0, "ci": 0.0, "n": 1}, "messages": {"mean": 8.666666666666666, "ci": 11.349022473812937, "n": 9}, "messages_per_round": {"mean": 0.08831615120274915, "ci": 0.11624796003877448, "n": 9}, "exposure": {"mean": 92.44444444444444, "ci": 9.297733959956235, "n": 9}, "social_frac": {"mean": 0.5448365275475898, "ci": 0.08223756888408174, "n": 9}, "welfare": {"mean": 765.7777777777778, "ci": 111.30122400134479, "n": 9}}, {"offset": 100.0, "n_seeds": 10, "survivor_rate": {"mean": 0.635, "ci": 0.15669788341476304, "n": 10}, "cooperation": {"mean": 0.24716654376468283, "ci": 0.1067116740847525, "n": 10}, "reciprocity": {"mean": 0.004554655870445344, "ci": 0.006040752503523397, "n": 10}, "deception": {"mean": 0.0, "ci": 0.0, "n": 3}, "messages": {"mean": 20.5, "ci": 12.790157674295234, "n": 10}, "messages_per_round": {"mean": 0.23998765961425989, "ci": 0.14326374744367448, "n": 10}, "exposure": {"mean": 82.8, "ci": 7.285765238539539, "n": 10}, "social_frac": {"mean": 0.44289596650632684, "ci": 0.06298979746268162, "n": 10}, "welfare": {"mean": 494.6, "ci": 87.73913966601982, "n": 10}}, {"offset": 150.0, "n_seeds": 10, "survivor_rate": {"mean": 0.43499999999999994, "ci": 0.14167695648904938, "n": 10}, "cooperation": {"mean": 0.037205624755003594, "ci": 0.055513309469247776, "n": 10}, "reciprocity": {"mean": 0.103125, "ci": 0.19541427237339196, "n": 10}, "deception": {"mean": 0.0, "ci": 0.0, "n": 1}, "messages": {"mean": 3.7, "ci": 6.177714931734692, "n": 10}, "messages_per_round": {"mean": 0.04534627623567909, "ci": 0.07063423675088133, "n": 10}, "exposure": {"mean": 70.1, "ci": 7.716251133520445, "n": 10}, "social_frac": {"mean": 0.4899973949191372, "ci": 0.11583865078728388, "n": 10}, "welfare": {"mean": 382.6, "ci": 76.90829545200786, "n": 10}}, {"offset": 200.0, "n_seeds": 5, "survivor_rate": {"mean": 0.2, "ci": 0.19843487596690257, "n": 5}, "cooperation": {"mean": 0.23746326425206016, "ci": 0.24875601801285338, "n": 5}, "reciprocity": {"mean": 0.31948470209339774, "ci": 0.3835913738136605, "n": 5}, "deception": {"mean": 0.0, "ci": 0.0, "n": 3}, "messages": {"mean": 17.8, "ci": 15.721594830041893, "n": 5}, "messages_per_round": {"mean": 0.34814022578728465, "ci": 0.298784673489588, "n": 5}, "exposure": {"mean": 51.0, "ci": 13.118829216054303, "n": 5}, "social_frac": {"mean": 0.5396926886680576, "ci": 0.05940247612429762, "n": 5}, "welfare": {"mean": 199.8, "ci": 107.82387372006256, "n": 5}}, {"offset": 300.0, "n_seeds": 4, "survivor_rate": {"mean": 0.075, "ci": 0.08487048957087498, "n": 4}, "cooperation": {"mean": 0.06868686868686869, "ci": 0.08051719361417979, "n": 4}, "reciprocity": {"mean": 0.0, "ci": 0.0, "n": 4}, "deception": {"mean": 0.375, "ci": 0.7349999999999998, "n": 2}, "messages": {"mean": 3.5, "ci": 4.271720964669861, "n": 4}, "messages_per_round": {"mean": 0.08796296296296297, "ci": 0.0998148148148148, "n": 4}, "exposure": {"mean": 37.0, "ci": 11.512393321981316, "n": 4}, "social_frac": {"mean": 0.5822223764741643, "ci": 0.20333967801984212, "n": 4}, "welfare": {"mean": 89.0, "ci": 55.083788298675806, "n": 4}}, {"offset": 350.0, "n_seeds": 2, "survivor_rate": {"mean": 0.1, "ci": 0.19600000000000004, "n": 2}, "cooperation": {"mean": 0.109375, "ci": 0.21437499999999998, "n": 2}, "reciprocity": {"mean": 0.041666666666666664, "ci": 0.08166666666666665, "n": 2}, "deception": {"mean": 0.0, "ci": 0.0, "n": 1}, "messages": {"mean": 0.5, "ci": 0.9799999999999999, "n": 2}, "messages_per_round": {"mean": 0.009259259259259259, "ci": 0.018148148148148146, "n": 2}, "exposure": {"mean": 37.0, "ci": 33.31999999999999, "n": 2}, "social_frac": {"mean": 0.6403677058353316, "ci": 0.22576818545163868, "n": 2}, "welfare": {"mean": 98.0, "ci": 176.39999999999998, "n": 2}}]}