{"label": "79 de-confounded runs (neutral framing, no averaging hint) \u00b7 mean \u00b1 95% CI", "rows": [{"offset": 0.0, "n_seeds": 10, "survivor_rate": {"mean": 0.985, "ci": 0.029400000000000003, "n": 10}, "cooperation": {"mean": 0.14420768423546934, "ci": 0.20167659742764235, "n": 10}, "reciprocity": {"mean": 0.06506410256410257, "ci": 0.12204383618564885, "n": 10}, "deception": {"mean": 0.6274509803921569, "ci": 0.0, "n": 1}, "messages": {"mean": 17.3, "ci": 25.667021330882942, "n": 10}, "messages_per_round": {"mean": 0.1731978021978022, "ci": 0.25662017241429175, "n": 10}, "exposure": {"mean": 99.1, "ci": 1.764, "n": 10}, "social_frac": {"mean": 0.32235676730587093, "ci": 0.1160807948421821, "n": 10}, "welfare": {"mean": 905.1, "ci": 37.45081963796728, "n": 10}}, {"offset": 50.0, "n_seeds": 9, "survivor_rate": {"mean": 0.8888888888888888, "ci": 0.1354562022059137, "n": 9}, "cooperation": {"mean": 0.08056236618081197, "ci": 0.104546323927021, "n": 9}, "reciprocity": {"mean": 0.06723027375201289, "ci": 0.12653246431369639, "n": 9}, "deception": {"mean": 0.0, "ci": 0.0, "n": 1}, "messages": {"mean": 8.666666666666666, "ci": 11.349022473812937, "n": 9}, "messages_per_round": {"mean": 0.08831615120274915, "ci": 0.11624796003877448, "n": 9}, "exposure": {"mean": 92.44444444444444, "ci": 9.297733959956235, "n": 9}, "social_frac": {"mean": 0.5448365275475898, "ci": 0.08223756888408174, "n": 9}, "welfare": {"mean": 765.7777777777778, "ci": 111.30122400134479, "n": 9}}, {"offset": 100.0, "n_seeds": 10, "survivor_rate": {"mean": 0.635, "ci": 0.15669788341476304, "n": 10}, "cooperation": {"mean": 0.24716654376468283, "ci": 0.1067116740847525, "n": 10}, "reciprocity": {"mean": 0.004554655870445344, "ci": 0.006040752503523397, "n": 10}, "deception": {"mean": 0.0, "ci": 0.0, "n": 3}, "messages": {"mean": 20.5, "ci": 12.790157674295234, "n": 10}, "messages_per_round": {"mean": 0.23998765961425989, "ci": 0.14326374744367448, "n": 10}, "exposure": {"mean": 82.8, "ci": 7.285765238539539, "n": 10}, "social_frac": {"mean": 0.44289596650632684, "ci": 0.06298979746268162, "n": 10}, "welfare": {"mean": 494.6, "ci": 87.73913966601982, "n": 10}}, {"offset": 150.0, "n_seeds": 10, "survivor_rate": {"mean": 0.43499999999999994, "ci": 0.14167695648904938, "n": 10}, "cooperation": {"mean": 0.037205624755003594, "ci": 0.055513309469247776, "n": 10}, "reciprocity": {"mean": 0.103125, "ci": 0.19541427237339196, "n": 10}, "deception": {"mean": 0.0, "ci": 0.0, "n": 1}, "messages": {"mean": 3.7, "ci": 6.177714931734692, "n": 10}, "messages_per_round": {"mean": 0.04534627623567909, "ci": 0.07063423675088133, "n": 10}, "exposure": {"mean": 70.1, "ci": 7.716251133520445, "n": 10}, "social_frac": {"mean": 0.4899973949191372, "ci": 0.11583865078728388, "n": 10}, "welfare": {"mean": 382.6, "ci": 76.90829545200786, "n": 10}}, {"offset": 200.0, "n_seeds": 10, "survivor_rate": {"mean": 0.23499999999999996, "ci": 0.10126666666666667, "n": 10}, "cooperation": {"mean": 0.1737827489414919, "ci": 0.1303405571797409, "n": 10}, "reciprocity": {"mean": 0.25974235104669885, "ci": 0.261475285647312, "n": 10}, "deception": {"mean": 0.0, "ci": 0.0, "n": 5}, "messages": {"mean": 16.0, "ci": 9.019786644434063, "n": 10}, "messages_per_round": {"mean": 0.29536130402330973, "ci": 0.16880177309216404, "n": 10}, "exposure": {"mean": 55.3, "ci": 7.240218658453776, "n": 10}, "social_frac": {"mean": 0.5412675985867981, "ci": 0.08220270262484329, "n": 10}, "welfare": {"mean": 221.0, "ci": 54.59928204656174, "n": 10}}, {"offset": 250.0, "n_seeds": 3, "survivor_rate": {"mean": 0.15, "ci": 0.05658032638058333, "n": 3}, "cooperation": {"mean": 0.09766139657444006, "ci": 0.14153623801016108, "n": 3}, "reciprocity": {"mean": 0.20175438596491227, "ci": 0.2982870972182372, "n": 3}, "deception": {"mean": 0.0, "ci": 0.0, "n": 1}, "messages": {"mean": 7.666666666666667, "ci": 12.205273905616012, "n": 3}, "messages_per_round": {"mean": 0.15416666666666667, "ci": 0.24349817475930108, "n": 3}, "exposure": {"mean": 49.333333333333336, "ci": 1.3066666666666666, "n": 3}, "social_frac": {"mean": 0.447232985574251, "ci": 0.139254878605462, "n": 3}, "welfare": {"mean": 166.0, "ci": 7.921245693281666, "n": 3}}, {"offset": 300.0, "n_seeds": 10, "survivor_rate": {"mean": 0.08, "ci": 0.044311222556418416, "n": 10}, "cooperation": {"mean": 0.07255755433791203, "ci": 0.06333970815640781, "n": 10}, "reciprocity": {"mean": 0.07777777777777778, "ci": 0.1524444444444444, "n": 10}, "deception": {"mean": 0.2875, "ci": 0.3541923912226235, "n": 4}, "messages": {"mean": 3.3, "ci": 2.6141498724356933, "n": 10}, "messages_per_round": {"mean": 0.08875825957623193, "ci": 0.07115629010709146, "n": 10}, "exposure": {"mean": 39.3, "ci": 5.177847000014152, "n": 10}, "social_frac": {"mean": 0.47423025920560063, "ci": 0.09840390503614053, "n": 10}, "welfare": {"mean": 102.3, "ci": 26.412853470317145, "n": 10}}, {"offset": 350.0, "n_seeds": 10, "survivor_rate": {"mean": 0.135, "ci": 0.08524685722457259, "n": 10}, "cooperation": {"mean": 0.27167800035287243, "ci": 0.18356494311425153, "n": 10}, "reciprocity": {"mean": 0.08958333333333333, "ci": 0.15826977525497168, "n": 10}, "deception": {"mean": 0.0, "ci": 0.0, "n": 4}, "messages": {"mean": 6.0, "ci": 4.711253666606279, "n": 10}, "messages_per_round": {"mean": 0.16384517660037742, "ci": 0.1227193437018247, "n": 10}, "exposure": {"mean": 40.3, "ci": 8.672615496812686, "n": 10}, "social_frac": {"mean": 0.44108217124312254, "ci": 0.08857541211356662, "n": 10}, "welfare": {"mean": 121.6, "ci": 57.10312735549408, "n": 10}}, {"offset": 400.0, "n_seeds": 3, "survivor_rate": {"mean": 0.05000000000000001, "ci": 0.05658032638058333, "n": 3}, "cooperation": {"mean": 0.40464933018124505, "ci": 0.5440850324615362, "n": 3}, "reciprocity": {"mean": 0.30303030303030304, "ci": 0.593939393939394, "n": 3}, "deception": {"mean": 0.4090909090909091, "ci": 0.8018181818181818, "n": 2}, "messages": {"mean": 18.333333333333332, "ci": 25.91189516633454, "n": 3}, "messages_per_round": {"mean": 0.5722222222222222, "ci": 0.8878952501892562, "n": 3}, "exposure": {"mean": 31.333333333333332, "ci": 13.642000504976453, "n": 3}, "social_frac": {"mean": 0.6371916653623556, "ci": 0.30576226230779435, "n": 3}, "welfare": {"mean": 67.66666666666667, "ci": 80.3387505780644, "n": 3}}, {"offset": 500.0, "n_seeds": 4, "survivor_rate": {"mean": 0.0, "ci": 0.0, "n": 4}, "cooperation": {"mean": 0.06964285714285715, "ci": 0.11857030263378207, "n": 4}, "reciprocity": {"mean": 0.25, "ci": 0.49, "n": 4}, "deception": {"mean": 0.0, "ci": 0.0, "n": 1}, "messages": {"mean": 3.0, "ci": 5.24704361204161, "n": 4}, "messages_per_round": {"mean": 0.12849378881987578, "ci": 0.22910935297509774, "n": 4}, "exposure": {"mean": 23.75, "ci": 3.237957174927838, "n": 4}, "social_frac": {"mean": 0.40850083735329634, "ci": 0.180482198980643, "n": 4}, "welfare": {"mean": 18.5, "ci": 16.093099970691373, "n": 4}}]}