{"label": "10 runs \u00b7 up to 4 seeds \u00d7 3 offsets \u00b7 10 games \u00d7 5 rounds (mean \u00b1 95% CI)", "rows": [{"offset": 50.0, "n_seeds": 3, "survivor_rate": {"mean": 0.8666666666666667, "ci": 0.26133333333333336, "n": 3}, "cooperation": {"mean": 0.7498757146408153, "ci": 0.24563873665485556, "n": 3}, "reciprocity": {"mean": 0.3096969696969697, "ci": 0.5875150494838955, "n": 3}, "messages": {"mean": 47.666666666666664, "ci": 5.582082446940786, "n": 3}, "messages_per_round": {"mean": 0.533849765258216, "ci": 0.05682791054232112, "n": 3}, "exposure": {"mean": 90.33333333333333, "ci": 18.946666666666665, "n": 3}, "social_frac": {"mean": 0.7260700148592392, "ci": 0.02962363331173965, "n": 3}, "welfare": {"mean": 712.0, "ci": 220.4368353973537, "n": 3}}, {"offset": 100.0, "n_seeds": 3, "survivor_rate": {"mean": 0.5666666666666668, "ci": 0.06533333333333333, "n": 3}, "cooperation": {"mean": 0.32969620045856535, "ci": 0.10804003275034535, "n": 3}, "reciprocity": {"mean": 0.21626016260162603, "ci": 0.37707649567138435, "n": 3}, "messages": {"mean": 39.0, "ci": 15.720780302940861, "n": 3}, "messages_per_round": {"mean": 0.5401598781880472, "ci": 0.21189232974250224, "n": 3}, "exposure": {"mean": 72.0, "ci": 1.96, "n": 3}, "social_frac": {"mean": 0.6844816990141688, "ci": 0.1957898421586782, "n": 3}, "welfare": {"mean": 424.6666666666667, "ci": 33.133727697183595, "n": 3}}, {"offset": 150.0, "n_seeds": 4, "survivor_rate": {"mean": 0.6000000000000001, "ci": 0.12651745597610894, "n": 4}, "cooperation": {"mean": 0.4136257557790405, "ci": 0.06341296775333871, "n": 4}, "reciprocity": {"mean": 0.190359477124183, "ci": 0.2568538661173911, "n": 4}, "messages": {"mean": 46.5, "ci": 34.79115021572775, "n": 4}, "messages_per_round": {"mean": 0.5853589485631739, "ci": 0.3877862857912606, "n": 4}, "exposure": {"mean": 76.0, "ci": 9.36571050872988, "n": 4}, "social_frac": {"mean": 0.6846484261880803, "ci": 0.05516886825961978, "n": 4}, "welfare": {"mean": 459.25, "ci": 129.92394121177205, "n": 4}}]}