{"label": "90 runs \u00b7 up to 10 seeds \u00d7 10 offsets \u00b7 10 games \u00d7 5 rounds (mean \u00b1 95% CI)", "rows": [{"offset": 0.0, "n_seeds": 6, "survivor_rate": {"mean": 0.9416666666666668, "ci": 0.11433333333333333, "n": 6}, "cooperation": {"mean": 0.11699830506855553, "ci": 0.14557542131613962, "n": 6}, "reciprocity": {"mean": 0.0, "ci": 0.0, "n": 6}, "deception": {"mean": 0.0, "ci": 0.0, "n": 21}, "messages": {"mean": 12.5, "ci": 16.208066304569876, "n": 6}, "messages_per_round": {"mean": 0.1378828828828829, "ci": 0.16967138866300807, "n": 6}, "exposure": {"mean": 95.66666666666667, "ci": 8.493333333333334, "n": 6}, "social_frac": {"mean": 0.19935151673788157, "ci": 0.10712904031527529, "n": 6}, "welfare": {"mean": 866.6666666666666, "ci": 115.34136958514833, "n": 6}}, {"offset": 50.0, "n_seeds": 10, "survivor_rate": {"mean": 0.5950000000000001, "ci": 0.18904378093740903, "n": 10}, "cooperation": {"mean": 0.5617161506777862, "ci": 0.1529149828282845, "n": 10}, "reciprocity": {"mean": 0.4143041187550793, "ci": 0.25916102084992026, "n": 10}, "deception": {"mean": 0.0, "ci": 0.0, "n": 22}, "messages": {"mean": 43.5, "ci": 14.82433344950869, "n": 10}, "messages_per_round": {"mean": 0.5984023223889001, "ci": 0.1611510713374641, "n": 10}, "exposure": {"mean": 71.8, "ci": 13.641374710783365, "n": 10}, "social_frac": {"mean": 0.7482289232275297, "ci": 0.06183424418890391, "n": 10}, "welfare": {"mean": 498.1, "ci": 163.61049044877558, "n": 10}}, {"offset": 100.0, "n_seeds": 10, "survivor_rate": {"mean": 0.575, "ci": 0.18085064433270773, "n": 10}, "cooperation": {"mean": 0.44675434233478073, "ci": 0.13019117285804396, "n": 10}, "reciprocity": {"mean": 0.11918360433604336, "ci": 0.14493009960312206, "n": 10}, "deception": {"mean": 0.0, "ci": 0.0, "n": 170}, "messages": {"mean": 45.4, "ci": 14.474540652853584, "n": 10}, "messages_per_round": {"mean": 0.6234606619838929, "ci": 0.23736389951014952, "n": 10}, "exposure": {"mean": 74.6, "ci": 10.917510827412384, "n": 10}, "social_frac": {"mean": 0.7150564754530039, "ci": 0.07656151427416767, "n": 10}, "welfare": {"mean": 459.0, "ci": 130.50584770210276, "n": 10}}, {"offset": 150.0, "n_seeds": 10, "survivor_rate": {"mean": 0.48500000000000004, "ci": 0.1697724097464341, "n": 10}, "cooperation": {"mean": 0.4465565616345337, "ci": 0.10109527158352974, "n": 10}, "reciprocity": {"mean": 0.19768058738646974, "ci": 0.16271451233398057, "n": 10}, "deception": {"mean": 0.04938271604938271, "ci": 0.04718499368803445, "n": 81}, "messages": {"mean": 33.5, "ci": 18.893085154803767, "n": 10}, "messages_per_round": {"mean": 0.47280506515733683, "ci": 0.200420334152552, "n": 10}, "exposure": {"mean": 66.5, "ci": 12.51691868365906, "n": 10}, "social_frac": {"mean": 0.6642534387284634, "ci": 0.08509702494323283, "n": 10}, "welfare": {"mean": 364.6, "ci": 142.16695464761764, "n": 10}}, {"offset": 200.0, "n_seeds": 10, "survivor_rate": {"mean": 0.39, "ci": 0.15446878145581533, "n": 10}, "cooperation": {"mean": 0.5769239621978157, "ci": 0.10046261107636119, "n": 10}, "reciprocity": {"mean": 0.46138001253132827, "ci": 0.21200919362417076, "n": 10}, "deception": {"mean": 0.0, "ci": 0.0, "n": 31}, "messages": {"mean": 40.3, "ci": 16.605594826911666, "n": 10}, "messages_per_round": {"mean": 0.6900774737986579, "ci": 0.3203507069859292, "n": 10}, "exposure": {"mean": 62.5, "ci": 11.07684230977202, "n": 10}, "social_frac": {"mean": 0.7211515542799705, "ci": 0.07007256742895286, "n": 10}, "welfare": {"mean": 275.5, "ci": 92.34133457510299, "n": 10}}, {"offset": 250.0, "n_seeds": 9, "survivor_rate": {"mean": 0.4166666666666667, "ci": 0.1743922781165114, "n": 9}, "cooperation": {"mean": 0.44427184065090275, "ci": 0.12767252031778573, "n": 9}, "reciprocity": {"mean": 0.2292226292226292, "ci": 0.28568089207650743, "n": 9}, "deception": {"mean": 0.0, "ci": 0.0, "n": 56}, "messages": {"mean": 36.111111111111114, "ci": 23.08598527352434, "n": 9}, "messages_per_round": {"mean": 0.5213542070319563, "ci": 0.27773622209258303, "n": 9}, "exposure": {"mean": 64.44444444444444, "ci": 11.637364684073601, "n": 9}, "social_frac": {"mean": 0.6487685377675383, "ci": 0.03991005971919053, "n": 9}, "welfare": {"mean": 330.3333333333333, "ci": 159.34905808040133, "n": 9}}, {"offset": 300.0, "n_seeds": 8, "survivor_rate": {"mean": 0.31875, "ci": 0.1268840514012695, "n": 8}, "cooperation": {"mean": 0.4328281077076317, "ci": 0.18381656891952575, "n": 8}, "reciprocity": {"mean": 0.1388888888888889, "ci": 0.24261181716305677, "n": 8}, "deception": {"mean": 0.0, "ci": 0.0, "n": 12}, "messages": {"mean": 23.25, "ci": 6.602673700857857, "n": 8}, "messages_per_round": {"mean": 0.44951246857937716, "ci": 0.17055999542208197, "n": 8}, "exposure": {"mean": 55.625, "ci": 10.658002861699746, "n": 8}, "social_frac": {"mean": 0.7622867691358812, "ci": 0.09023598542795318, "n": 8}, "welfare": {"mean": 209.25, "ci": 82.12957141005911, "n": 8}}, {"offset": 350.0, "n_seeds": 10, "survivor_rate": {"mean": 0.36, "ci": 0.17334892237590888, "n": 10}, "cooperation": {"mean": 0.5942380325387806, "ci": 0.18697968469028955, "n": 10}, "reciprocity": {"mean": 0.3027520955947922, "ci": 0.22114216846806134, "n": 10}, "deception": {"mean": 0.0, "ci": 0.0, "n": 59}, "messages": {"mean": 50.2, "ci": 27.665870382115216, "n": 10}, "messages_per_round": {"mean": 0.82497035480859, "ci": 0.43158074782222033, "n": 10}, "exposure": {"mean": 61.1, "ci": 11.10839594380955, "n": 10}, "social_frac": {"mean": 0.723530618205243, "ci": 0.0967391098791629, "n": 10}, "welfare": {"mean": 279.7, "ci": 130.95057456748918, "n": 10}}, {"offset": 400.0, "n_seeds": 9, "survivor_rate": {"mean": 0.15555555555555556, "ci": 0.0986030826152741, "n": 9}, "cooperation": {"mean": 0.3620175202193648, "ci": 0.06827482643774148, "n": 9}, "reciprocity": {"mean": 0.17412217412217412, "ci": 0.2071374790118904, "n": 9}, "deception": {"mean": 0.0, "ci": 0.0, "n": 86}, "messages": {"mean": 16.77777777777778, "ci": 8.033461809330726, "n": 9}, "messages_per_round": {"mean": 0.375608340018911, "ci": 0.2060153067991617, "n": 9}, "exposure": {"mean": 48.888888888888886, "ci": 7.836218223695835, "n": 9}, "social_frac": {"mean": 0.6640858387180444, "ci": 0.0990220451405025, "n": 9}, "welfare": {"mean": 146.11111111111111, "ci": 58.11954007278107, "n": 9}}, {"offset": 500.0, "n_seeds": 8, "survivor_rate": {"mean": 0.20000000000000004, "ci": 0.08072793816269555, "n": 8}, "cooperation": {"mean": 0.39066574569862456, "ci": 0.08164595938822572, "n": 8}, "reciprocity": {"mean": 0.23406482158080621, "ci": 0.2338284233977269, "n": 8}, "deception": {"mean": 0.0, "ci": 0.0, "n": 34}, "messages": {"mean": 22.875, "ci": 6.023356622349369, "n": 8}, "messages_per_round": {"mean": 0.4336502693128464, "ci": 0.11703971588199609, "n": 8}, "exposure": {"mean": 54.375, "ci": 9.827523848864473, "n": 8}, "social_frac": {"mean": 0.7265442926622779, "ci": 0.09520792717768053, "n": 8}, "welfare": {"mean": 166.25, "ci": 53.713541123258665, "n": 8}}]}