{"label": "75 runs \u00b7 up to 10 seeds \u00d7 10 offsets \u00b7 10 games \u00d7 5 rounds (mean \u00b1 95% CI)", "rows": [{"offset": 0.0, "n_seeds": 4, "survivor_rate": {"mean": 0.9125, "ci": 0.17149999999999999, "n": 4}, "cooperation": {"mean": 0.06572549019607843, "ci": 0.12365053881908442, "n": 4}, "reciprocity": {"mean": 0.0, "ci": 0.0, "n": 4}, "messages": {"mean": 5.75, "ci": 10.626713195213906, "n": 4}, "messages_per_round": {"mean": 0.07682432432432433, "ci": 0.14411640645565227, "n": 4}, "exposure": {"mean": 93.5, "ci": 12.74, "n": 4}, "social_frac": {"mean": 0.19455390044029586, "ci": 0.14182368553773536, "n": 4}, "welfare": {"mean": 827.0, "ci": 164.9372316973945, "n": 4}}, {"offset": 50.0, "n_seeds": 6, "survivor_rate": {"mean": 0.7083333333333334, "ci": 0.2634683620053417, "n": 6}, "cooperation": {"mean": 0.6762371783360223, "ci": 0.1699822146858696, "n": 6}, "reciprocity": {"mean": 0.5232864880690967, "ci": 0.3368709132321082, "n": 6}, "messages": {"mean": 49.333333333333336, "ci": 15.587169652562899, "n": 6}, "messages_per_round": {"mean": 0.6262404743857718, "ci": 0.1126342586690087, "n": 6}, "exposure": {"mean": 79.16666666666667, "ci": 19.012449021043498, "n": 6}, "social_frac": {"mean": 0.7837571009409893, "ci": 0.06864780722530427, "n": 6}, "welfare": {"mean": 592.6666666666666, "ci": 226.2933908398073, "n": 6}}, {"offset": 100.0, "n_seeds": 9, "survivor_rate": {"mean": 0.5277777777777778, "ci": 0.17371105567636602, "n": 9}, "cooperation": {"mean": 0.42608121370531193, "ci": 0.13832897931745897, "n": 9}, "reciprocity": {"mean": 0.07455585666967782, "ci": 0.12919783978643234, "n": 9}, "messages": {"mean": 42.333333333333336, "ci": 14.721761669945165, "n": 9}, "messages_per_round": {"mean": 0.6116229577598813, "ci": 0.26411004480638556, "n": 9}, "exposure": {"mean": 71.77777777777777, "ci": 10.52342243536229, "n": 9}, "social_frac": {"mean": 0.7026553430959305, "ci": 0.08117013894797606, "n": 9}, "welfare": {"mean": 415.22222222222223, "ci": 109.93960613687345, "n": 9}}, {"offset": 150.0, "n_seeds": 6, "survivor_rate": {"mean": 0.5750000000000001, "ci": 0.20827401822278907, "n": 6}, "cooperation": {"mean": 0.511915552396383, "ci": 0.13164383142346475, "n": 6}, "reciprocity": {"mean": 0.2758962170726877, "ci": 0.2403220521471706, "n": 6}, "messages": {"mean": 47.666666666666664, "ci": 25.9415294674603, "n": 6}, "messages_per_round": {"mean": 0.620260056696501, "ci": 0.2574696922026785, "n": 6}, "exposure": {"mean": 73.16666666666667, "ci": 15.075587034820385, "n": 6}, "social_frac": {"mean": 0.6977368297177694, "ci": 0.06056290346859914, "n": 6}, "welfare": {"mean": 450.5, "ci": 182.37112775875462, "n": 6}}, {"offset": 200.0, "n_seeds": 7, "survivor_rate": {"mean": 0.4071428571428572, "ci": 0.18073922282301277, "n": 7}, "cooperation": {"mean": 0.5649934153846347, "ci": 0.09111791295910945, "n": 7}, "reciprocity": {"mean": 0.388562925170068, "ci": 0.24199974651807968, "n": 7}, "messages": {"mean": 45.0, "ci": 23.03273033460572, "n": 7}, "messages_per_round": {"mean": 0.7359255661912417, "ci": 0.4497312602368449, "n": 7}, "exposure": {"mean": 65.0, "ci": 12.32212102954141, "n": 7}, "social_frac": {"mean": 0.6973932449094197, "ci": 0.07561735650139141, "n": 7}, "welfare": {"mean": 289.85714285714283, "ci": 108.92803740696574, "n": 7}}, {"offset": 250.0, "n_seeds": 8, "survivor_rate": {"mean": 0.44375, "ci": 0.1883588662633113, "n": 8}, "cooperation": {"mean": 0.4560102002943094, "ci": 0.14239706908350505, "n": 8}, "reciprocity": {"mean": 0.13287545787545788, "ci": 0.24306838808990752, "n": 8}, "messages": {"mean": 35.875, "ci": 26.171786813284257, "n": 8}, "messages_per_round": {"mean": 0.5001598465473145, "ci": 0.31138075667626697, "n": 8}, "exposure": {"mean": 65.625, "ci": 12.932061900563266, "n": 8}, "social_frac": {"mean": 0.6583701400438312, "ci": 0.03990681175600706, "n": 8}, "welfare": {"mean": 341.375, "ci": 179.01071203981058, "n": 8}}, {"offset": 300.0, "n_seeds": 8, "survivor_rate": {"mean": 0.31875, "ci": 0.1268840514012695, "n": 8}, "cooperation": {"mean": 0.4328281077076317, "ci": 0.18381656891952575, "n": 8}, "reciprocity": {"mean": 0.1388888888888889, "ci": 0.24261181716305677, "n": 8}, "messages": {"mean": 23.25, "ci": 6.602673700857857, "n": 8}, "messages_per_round": {"mean": 0.44951246857937716, "ci": 0.17055999542208197, "n": 8}, "exposure": {"mean": 55.625, "ci": 10.658002861699746, "n": 8}, "social_frac": {"mean": 0.7622867691358812, "ci": 0.09023598542795318, "n": 8}, "welfare": {"mean": 209.25, "ci": 82.12957141005911, "n": 8}}, {"offset": 350.0, "n_seeds": 10, "survivor_rate": {"mean": 0.36, "ci": 0.17334892237590888, "n": 10}, "cooperation": {"mean": 0.5942380325387806, "ci": 0.18697968469028955, "n": 10}, "reciprocity": {"mean": 0.3027520955947922, "ci": 0.22114216846806134, "n": 10}, "messages": {"mean": 50.2, "ci": 27.665870382115216, "n": 10}, "messages_per_round": {"mean": 0.82497035480859, "ci": 0.43158074782222033, "n": 10}, "exposure": {"mean": 61.1, "ci": 11.10839594380955, "n": 10}, "social_frac": {"mean": 0.723530618205243, "ci": 0.0967391098791629, "n": 10}, "welfare": {"mean": 279.7, "ci": 130.95057456748918, "n": 10}}, {"offset": 400.0, "n_seeds": 9, "survivor_rate": {"mean": 0.15555555555555556, "ci": 0.0986030826152741, "n": 9}, "cooperation": {"mean": 0.3620175202193648, "ci": 0.06827482643774148, "n": 9}, "reciprocity": {"mean": 0.17412217412217412, "ci": 0.2071374790118904, "n": 9}, "messages": {"mean": 16.77777777777778, "ci": 8.033461809330726, "n": 9}, "messages_per_round": {"mean": 0.375608340018911, "ci": 0.2060153067991617, "n": 9}, "exposure": {"mean": 48.888888888888886, "ci": 7.836218223695835, "n": 9}, "social_frac": {"mean": 0.6640858387180444, "ci": 0.0990220451405025, "n": 9}, "welfare": {"mean": 146.11111111111111, "ci": 58.11954007278107, "n": 9}}, {"offset": 500.0, "n_seeds": 8, "survivor_rate": {"mean": 0.20000000000000004, "ci": 0.08072793816269555, "n": 8}, "cooperation": {"mean": 0.39066574569862456, "ci": 0.08164595938822572, "n": 8}, "reciprocity": {"mean": 0.23406482158080621, "ci": 0.2338284233977269, "n": 8}, "messages": {"mean": 22.875, "ci": 6.023356622349369, "n": 8}, "messages_per_round": {"mean": 0.4336502693128464, "ci": 0.11703971588199609, "n": 8}, "exposure": {"mean": 54.375, "ci": 9.827523848864473, "n": 8}, "social_frac": {"mean": 0.7265442926622779, "ci": 0.09520792717768053, "n": 8}, "welfare": {"mean": 166.25, "ci": 53.713541123258665, "n": 8}}]}