{"label": "43 runs \u00b7 up to 9 seeds \u00d7 8 offsets \u00b7 10 games \u00d7 5 rounds (mean \u00b1 95% CI)", "rows": [{"offset": 0.0, "n_seeds": 4, "survivor_rate": {"mean": 0.9125, "ci": 0.17149999999999999, "n": 4}, "cooperation": {"mean": 0.06572549019607843, "ci": 0.12365053881908442, "n": 4}, "reciprocity": {"mean": 0.0, "ci": 0.0, "n": 4}, "messages": {"mean": 5.75, "ci": 10.626713195213906, "n": 4}, "messages_per_round": {"mean": 0.07682432432432433, "ci": 0.14411640645565227, "n": 4}, "exposure": {"mean": 93.5, "ci": 12.74, "n": 4}, "social_frac": {"mean": 0.19455390044029586, "ci": 0.14182368553773536, "n": 4}, "welfare": {"mean": 827.0, "ci": 164.9372316973945, "n": 4}}, {"offset": 50.0, "n_seeds": 6, "survivor_rate": {"mean": 0.7083333333333334, "ci": 0.2634683620053417, "n": 6}, "cooperation": {"mean": 0.6762371783360223, "ci": 0.1699822146858696, "n": 6}, "reciprocity": {"mean": 0.5232864880690967, "ci": 0.3368709132321082, "n": 6}, "messages": {"mean": 49.333333333333336, "ci": 15.587169652562899, "n": 6}, "messages_per_round": {"mean": 0.6262404743857718, "ci": 0.1126342586690087, "n": 6}, "exposure": {"mean": 79.16666666666667, "ci": 19.012449021043498, "n": 6}, "social_frac": {"mean": 0.7837571009409893, "ci": 0.06864780722530427, "n": 6}, "welfare": {"mean": 592.6666666666666, "ci": 226.2933908398073, "n": 6}}, {"offset": 100.0, "n_seeds": 9, "survivor_rate": {"mean": 0.5277777777777778, "ci": 0.17371105567636602, "n": 9}, "cooperation": {"mean": 0.42608121370531193, "ci": 0.13832897931745897, "n": 9}, "reciprocity": {"mean": 0.07455585666967782, "ci": 0.12919783978643234, "n": 9}, "messages": {"mean": 42.333333333333336, "ci": 14.721761669945165, "n": 9}, "messages_per_round": {"mean": 0.6116229577598813, "ci": 0.26411004480638556, "n": 9}, "exposure": {"mean": 71.77777777777777, "ci": 10.52342243536229, "n": 9}, "social_frac": {"mean": 0.7026553430959305, "ci": 0.08117013894797606, "n": 9}, "welfare": {"mean": 415.22222222222223, "ci": 109.93960613687345, "n": 9}}, {"offset": 150.0, "n_seeds": 6, "survivor_rate": {"mean": 0.5750000000000001, "ci": 0.20827401822278907, "n": 6}, "cooperation": {"mean": 0.511915552396383, "ci": 0.13164383142346475, "n": 6}, "reciprocity": {"mean": 0.2758962170726877, "ci": 0.2403220521471706, "n": 6}, "messages": {"mean": 47.666666666666664, "ci": 25.9415294674603, "n": 6}, "messages_per_round": {"mean": 0.620260056696501, "ci": 0.2574696922026785, "n": 6}, "exposure": {"mean": 73.16666666666667, "ci": 15.075587034820385, "n": 6}, "social_frac": {"mean": 0.6977368297177694, "ci": 0.06056290346859914, "n": 6}, "welfare": {"mean": 450.5, "ci": 182.37112775875462, "n": 6}}, {"offset": 200.0, "n_seeds": 5, "survivor_rate": {"mean": 0.29000000000000004, "ci": 0.14991117369962786, "n": 5}, "cooperation": {"mean": 0.54958891237961, "ci": 0.08709371137178237, "n": 5}, "reciprocity": {"mean": 0.38208333333333333, "ci": 0.3476823458433159, "n": 5}, "messages": {"mean": 44.6, "ci": 27.282749421566734, "n": 5}, "messages_per_round": {"mean": 0.8132513416815742, "ci": 0.597364892136989, "n": 5}, "exposure": {"mean": 58.0, "ci": 12.224493445537938, "n": 5}, "social_frac": {"mean": 0.6888139575073338, "ci": 0.10370599134268407, "n": 5}, "welfare": {"mean": 214.4, "ci": 75.93729054950538, "n": 5}}, {"offset": 250.0, "n_seeds": 3, "survivor_rate": {"mean": 0.3833333333333333, "ci": 0.11778134166515701, "n": 3}, "cooperation": {"mean": 0.41595769870375876, "ci": 0.3005226803708564, "n": 3}, "reciprocity": {"mean": 0.021001221001221, "ci": 0.027499508227162413, "n": 3}, "messages": {"mean": 49.333333333333336, "ci": 37.348730158392854, "n": 3}, "messages_per_round": {"mean": 0.7226484796817277, "ci": 0.5506365420310583, "n": 3}, "exposure": {"mean": 68.33333333333333, "ci": 0.6533333333333333, "n": 3}, "social_frac": {"mean": 0.6454023726880863, "ci": 0.056959539816193484, "n": 3}, "welfare": {"mean": 321.6666666666667, "ci": 20.379392641696768, "n": 3}}, {"offset": 300.0, "n_seeds": 6, "survivor_rate": {"mean": 0.35833333333333334, "ci": 0.13955206117351968, "n": 6}, "cooperation": {"mean": 0.4356705771766092, "ci": 0.24184727701285047, "n": 6}, "reciprocity": {"mean": 0.1851851851851852, "ci": 0.3213811073889642, "n": 6}, "messages": {"mean": 22.166666666666668, "ci": 8.727565016149185, "n": 6}, "messages_per_round": {"mean": 0.40640124015711826, "ci": 0.22017294993169365, "n": 6}, "exposure": {"mean": 58.833333333333336, "ci": 13.083805426726753, "n": 6}, "social_frac": {"mean": 0.742210824126366, "ci": 0.11741624664731436, "n": 6}, "welfare": {"mean": 237.0, "ci": 98.40032899673999, "n": 6}}, {"offset": 350.0, "n_seeds": 4, "survivor_rate": {"mean": 0.23750000000000002, "ci": 0.1761048456649239, "n": 4}, "cooperation": {"mean": 0.5556133351519699, "ci": 0.3267570246706962, "n": 4}, "reciprocity": {"mean": 0.10791198501872659, "ci": 0.1617123966943289, "n": 4}, "messages": {"mean": 52.5, "ci": 50.00561435145725, "n": 4}, "messages_per_round": {"mean": 0.9356004901960784, "ci": 0.6896097422364698, "n": 4}, "exposure": {"mean": 50.75, "ci": 11.52281649597875, "n": 4}, "social_frac": {"mean": 0.7752663902275322, "ci": 0.15424755048779143, "n": 4}, "welfare": {"mean": 178.25, "ci": 96.36735875457693, "n": 4}}]}