{"label": "20 runs \u00b7 up to 9 seeds \u00d7 3 offsets \u00b7 10 games \u00d7 5 rounds (mean \u00b1 95% CI)", "rows": [{"offset": 50.0, "n_seeds": 5, "survivor_rate": {"mean": 0.66, "ci": 0.3011009133164494, "n": 5}, "cooperation": {"mean": 0.6398031980740232, "ci": 0.18892252114116045, "n": 5}, "reciprocity": {"mean": 0.45016600790513833, "ci": 0.37338149902462514, "n": 5}, "messages": {"mean": 42.2, "ci": 8.439387655511505, "n": 5}, "messages_per_round": {"mean": 0.5744052359295929, "ci": 0.05955474951963395, "n": 5}, "exposure": {"mean": 75.8, "ci": 21.83795375029446, "n": 5}, "social_frac": {"mean": 0.7919236154688096, "ci": 0.08175864729586867, "n": 5}, "welfare": {"mean": 544.8, "ci": 252.2104969742536, "n": 5}}, {"offset": 100.0, "n_seeds": 9, "survivor_rate": {"mean": 0.5277777777777778, "ci": 0.17371105567636602, "n": 9}, "cooperation": {"mean": 0.42608121370531193, "ci": 0.13832897931745897, "n": 9}, "reciprocity": {"mean": 0.07455585666967782, "ci": 0.12919783978643234, "n": 9}, "messages": {"mean": 42.333333333333336, "ci": 14.721761669945165, "n": 9}, "messages_per_round": {"mean": 0.6116229577598813, "ci": 0.26411004480638556, "n": 9}, "exposure": {"mean": 71.77777777777777, "ci": 10.52342243536229, "n": 9}, "social_frac": {"mean": 0.7026553430959305, "ci": 0.08117013894797606, "n": 9}, "welfare": {"mean": 415.22222222222223, "ci": 109.93960613687345, "n": 9}}, {"offset": 150.0, "n_seeds": 6, "survivor_rate": {"mean": 0.5750000000000001, "ci": 0.20827401822278907, "n": 6}, "cooperation": {"mean": 0.511915552396383, "ci": 0.13164383142346475, "n": 6}, "reciprocity": {"mean": 0.2758962170726877, "ci": 0.2403220521471706, "n": 6}, "messages": {"mean": 47.666666666666664, "ci": 25.9415294674603, "n": 6}, "messages_per_round": {"mean": 0.620260056696501, "ci": 0.2574696922026785, "n": 6}, "exposure": {"mean": 73.16666666666667, "ci": 15.075587034820385, "n": 6}, "social_frac": {"mean": 0.6977368297177694, "ci": 0.06056290346859914, "n": 6}, "welfare": {"mean": 450.5, "ci": 182.37112775875462, "n": 6}}]}