{"label": "102 runs \u00b7 up to 10 seeds \u00d7 12 offsets \u00b7 10 games \u00d7 5 rounds (mean \u00b1 95% CI)", "rows": [{"offset": 0.0, "n_seeds": 8, "survivor_rate": {"mean": 0.95625, "ci": 0.08574999999999999, "n": 8}, "cooperation": {"mean": 0.14508817834270107, "ci": 0.1409590332742097, "n": 8}, "reciprocity": {"mean": 0.0, "ci": 0.0, "n": 8}, "deception": {"mean": 0.0, "ci": 0.0, "n": 20}, "messages": {"mean": 15.625, "ci": 15.574370773806558, "n": 8}, "messages_per_round": {"mean": 0.16591216216216217, "ci": 0.15903089326537484, "n": 8}, "exposure": {"mean": 96.75, "ci": 6.369999999999999, "n": 8}, "social_frac": {"mean": 0.209900641051675, "ci": 0.09351534066131753, "n": 8}, "welfare": {"mean": 876.875, "ci": 85.83690596124723, "n": 8}}, {"offset": 10.0, "n_seeds": 2, "survivor_rate": {"mean": 0.8, "ci": 0.392, "n": 2}, "cooperation": {"mean": 0.6273584905660378, "ci": 0.7303773584905661, "n": 2}, "reciprocity": {"mean": 0.0, "ci": 0.0, "n": 2}, "deception": {"mean": 0.0, "ci": 0.0, "n": 8}, "messages": {"mean": 36.0, "ci": 27.439999999999998, "n": 2}, "messages_per_round": {"mean": 0.4006849315068493, "ci": 0.19465753424657536, "n": 2}, "exposure": {"mean": 86.5, "ci": 26.459999999999997, "n": 2}, "social_frac": {"mean": 0.605798962386511, "ci": 0.00744596627756168, "n": 2}, "welfare": {"mean": 691.0, "ci": 370.44, "n": 2}}, {"offset": 20.0, "n_seeds": 2, "survivor_rate": {"mean": 0.775, "ci": 0.44099999999999995, "n": 2}, "cooperation": {"mean": 0.4318558721543796, "ci": 0.2028554198703452, "n": 2}, "reciprocity": {"mean": 0.04081632653061224, "ci": 0.07999999999999999, "n": 2}, "deception": {"mean": NaN, "ci": 0.0, "n": 0}, "messages": {"mean": 37.5, "ci": 30.379999999999995, "n": 2}, "messages_per_round": {"mean": 0.42045454545454547, "ci": 0.22520202020202018, "n": 2}, "exposure": {"mean": 85.5, "ci": 26.459999999999997, "n": 2}, "social_frac": {"mean": 0.6226217973652596, "ci": 0.17217798095028283, "n": 2}, "welfare": {"mean": 672.0, "ci": 390.03999999999996, "n": 2}}, {"offset": 50.0, "n_seeds": 10, "survivor_rate": {"mean": 0.5950000000000001, "ci": 0.18904378093740903, "n": 10}, "cooperation": {"mean": 0.5617161506777862, "ci": 0.1529149828282845, "n": 10}, "reciprocity": {"mean": 0.4143041187550793, "ci": 0.25916102084992026, "n": 10}, "deception": {"mean": 0.0, "ci": 0.0, "n": 22}, "messages": {"mean": 43.5, "ci": 14.82433344950869, "n": 10}, "messages_per_round": {"mean": 0.5984023223889001, "ci": 0.1611510713374641, "n": 10}, "exposure": {"mean": 71.8, "ci": 13.641374710783365, "n": 10}, "social_frac": {"mean": 0.7482289232275297, "ci": 0.06183424418890391, "n": 10}, "welfare": {"mean": 498.1, "ci": 163.61049044877558, "n": 10}}, {"offset": 100.0, "n_seeds": 10, "survivor_rate": {"mean": 0.575, "ci": 0.18085064433270773, "n": 10}, "cooperation": {"mean": 0.44675434233478073, "ci": 0.13019117285804396, "n": 10}, "reciprocity": {"mean": 0.11918360433604336, "ci": 0.14493009960312206, "n": 10}, "deception": {"mean": 0.0, "ci": 0.0, "n": 170}, "messages": {"mean": 45.4, "ci": 14.474540652853584, "n": 10}, "messages_per_round": {"mean": 0.6234606619838929, "ci": 0.23736389951014952, "n": 10}, "exposure": {"mean": 74.6, "ci": 10.917510827412384, "n": 10}, "social_frac": {"mean": 0.7150564754530039, "ci": 0.07656151427416767, "n": 10}, "welfare": {"mean": 459.0, "ci": 130.50584770210276, "n": 10}}, {"offset": 150.0, "n_seeds": 10, "survivor_rate": {"mean": 0.48500000000000004, "ci": 0.1697724097464341, "n": 10}, "cooperation": {"mean": 0.4465565616345337, "ci": 0.10109527158352974, "n": 10}, "reciprocity": {"mean": 0.19768058738646974, "ci": 0.16271451233398057, "n": 10}, "deception": {"mean": 0.04938271604938271, "ci": 0.04718499368803445, "n": 81}, "messages": {"mean": 33.5, "ci": 18.893085154803767, "n": 10}, "messages_per_round": {"mean": 0.47280506515733683, "ci": 0.200420334152552, "n": 10}, "exposure": {"mean": 66.5, "ci": 12.51691868365906, "n": 10}, "social_frac": {"mean": 0.6642534387284634, "ci": 0.08509702494323283, "n": 10}, "welfare": {"mean": 364.6, "ci": 142.16695464761764, "n": 10}}, {"offset": 200.0, "n_seeds": 10, "survivor_rate": {"mean": 0.39, "ci": 0.15446878145581533, "n": 10}, "cooperation": {"mean": 0.5769239621978157, "ci": 0.10046261107636119, "n": 10}, "reciprocity": {"mean": 0.46138001253132827, "ci": 0.21200919362417076, "n": 10}, "deception": {"mean": 0.0, "ci": 0.0, "n": 31}, "messages": {"mean": 40.3, "ci": 16.605594826911666, "n": 10}, "messages_per_round": {"mean": 0.6900774737986579, "ci": 0.3203507069859292, "n": 10}, "exposure": {"mean": 62.5, "ci": 11.07684230977202, "n": 10}, "social_frac": {"mean": 0.7211515542799705, "ci": 0.07007256742895286, "n": 10}, "welfare": {"mean": 275.5, "ci": 92.34133457510299, "n": 10}}, {"offset": 250.0, "n_seeds": 10, "survivor_rate": {"mean": 0.45999999999999996, "ci": 0.17760575566249093, "n": 10}, "cooperation": {"mean": 0.48421965658581245, "ci": 0.13845848039190548, "n": 10}, "reciprocity": {"mean": 0.26499601847427934, "ci": 0.26496620370972074, "n": 10}, "deception": {"mean": 0.0, "ci": 0.0, "n": 56}, "messages": {"mean": 39.8, "ci": 21.87798633837726, "n": 10}, "messages_per_round": {"mean": 0.5452604529954275, "ci": 0.25279524258271857, "n": 10}, "exposure": {"mean": 67.6, "ci": 12.107661045800713, "n": 10}, "social_frac": {"mean": 0.6316227764277593, "ci": 0.04902645044685468, "n": 10}, "welfare": {"mean": 370.3, "ci": 162.63461455258124, "n": 10}}, {"offset": 300.0, "n_seeds": 10, "survivor_rate": {"mean": 0.33499999999999996, "ci": 0.12571362517863985, "n": 10}, "cooperation": {"mean": 0.4298572085957792, "ci": 0.15120179797763758, "n": 10}, "reciprocity": {"mean": 0.2097718253968254, "ci": 0.2170535048284946, "n": 10}, "deception": {"mean": 0.0, "ci": 0.0, "n": 12}, "messages": {"mean": 25.2, "ci": 6.492700311375331, "n": 10}, "messages_per_round": {"mean": 0.45743658102543155, "ci": 0.13589681150546068, "n": 10}, "exposure": {"mean": 57.7, "ci": 9.615548612071548, "n": 10}, "social_frac": {"mean": 0.742363460211171, "ci": 0.085399577711778, "n": 10}, "welfare": {"mean": 232.8, "ci": 82.27840430581473, "n": 10}}, {"offset": 350.0, "n_seeds": 10, "survivor_rate": {"mean": 0.36, "ci": 0.17334892237590888, "n": 10}, "cooperation": {"mean": 0.5942380325387806, "ci": 0.18697968469028955, "n": 10}, "reciprocity": {"mean": 0.3027520955947922, "ci": 0.22114216846806134, "n": 10}, "deception": {"mean": 0.0, "ci": 0.0, "n": 59}, "messages": {"mean": 50.2, "ci": 27.665870382115216, "n": 10}, "messages_per_round": {"mean": 0.82497035480859, "ci": 0.43158074782222033, "n": 10}, "exposure": {"mean": 61.1, "ci": 11.10839594380955, "n": 10}, "social_frac": {"mean": 0.723530618205243, "ci": 0.0967391098791629, "n": 10}, "welfare": {"mean": 279.7, "ci": 130.95057456748918, "n": 10}}, {"offset": 400.0, "n_seeds": 10, "survivor_rate": {"mean": 0.225, "ci": 0.16218597007413704, "n": 10}, "cooperation": {"mean": 0.40137132375298384, "ci": 0.09838054385338497, "n": 10}, "reciprocity": {"mean": 0.22157482157482158, "ci": 0.2073043303361993, "n": 10}, "deception": {"mean": 0.0, "ci": 0.0, "n": 86}, "messages": {"mean": 21.2, "ci": 11.258584556782534, "n": 10}, "messages_per_round": {"mean": 0.40508047304998696, "ci": 0.19310796079029036, "n": 10}, "exposure": {"mean": 53.1, "ci": 10.828199316804453, "n": 10}, "social_frac": {"mean": 0.6619384232311197, "ci": 0.08866796189969402, "n": 10}, "welfare": {"mean": 193.1, "ci": 105.7562635833505, "n": 10}}, {"offset": 500.0, "n_seeds": 10, "survivor_rate": {"mean": 0.24500000000000002, "ci": 0.15143387262359032, "n": 10}, "cooperation": {"mean": 0.44351298871576245, "ci": 0.10350603339392447, "n": 10}, "reciprocity": {"mean": 0.2531566191694069, "ci": 0.20444743499472867, "n": 10}, "deception": {"mean": 0.0, "ci": 0.0, "n": 14}, "messages": {"mean": 27.7, "ci": 9.998561763240415, "n": 10}, "messages_per_round": {"mean": 0.49469799322805497, "ci": 0.12210730809290529, "n": 10}, "exposure": {"mean": 56.1, "ci": 11.28755058558863,