{"label": "16 runs \u00b7 up to 5 seeds \u00d7 4 offsets (mean \u00b1 95% CI)", "rows": [{"offset": 0.0, "n_seeds": 4, "survivor_rate": {"mean": 1.0, "ci": 0.0, "n": 4}, "cooperation": {"mean": 0.6381107271807372, "ci": 0.2174053354032931, "n": 4}, "reciprocity": {"mean": 0.308130081300813, "ci": 0.4021517785746745, "n": 4}, "messages": {"mean": 32.5, "ci": 16.03331115729582, "n": 4}, "social_frac": {"mean": 0.5997217856746017, "ci": 0.14161190527910403, "n": 4}, "welfare": {"mean": 273.75, "ci": 15.33681735780493, "n": 4}}, {"offset": 50.0, "n_seeds": 5, "survivor_rate": {"mean": 0.8, "ci": 0.1904777618982798, "n": 5}, "cooperation": {"mean": 0.34435530273488096, "ci": 0.18902605502420472, "n": 5}, "reciprocity": {"mean": 0.09090909090909091, "ci": 0.1781818181818182, "n": 5}, "messages": {"mean": 23.4, "ci": 14.99880315225185, "n": 5}, "social_frac": {"mean": 0.6927722498802508, "ci": 0.02895433587669585, "n": 5}, "welfare": {"mean": 190.8, "ci": 53.90320717730996, "n": 5}}, {"offset": 100.0, "n_seeds": 5, "survivor_rate": {"mean": 0.9, "ci": 0.13066666666666665, "n": 5}, "cooperation": {"mean": 0.5759738264807389, "ci": 0.13212553025546395, "n": 5}, "reciprocity": {"mean": 0.2, "ci": 0.24093742848392075, "n": 5}, "messages": {"mean": 23.4, "ci": 7.756252703464476, "n": 5}, "social_frac": {"mean": 0.698344752365642, "ci": 0.12209741078882647, "n": 5}, "welfare": {"mean": 230.6, "ci": 34.82848856898616, "n": 5}}, {"offset": 150.0, "n_seeds": 2, "survivor_rate": {"mean": 0.6666666666666666, "ci": 0.6533333333333332, "n": 2}, "cooperation": {"mean": 0.5765086206896552, "ci": 0.7624568965517241, "n": 2}, "reciprocity": {"mean": 0.5, "ci": 0.9799999999999999, "n": 2}, "messages": {"mean": 18.0, "ci": 23.519999999999992, "n": 2}, "social_frac": {"mean": 0.6861435271021921, "ci": 0.04195113970989203, "n": 2}, "welfare": {"mean": 171.0, "ci": 172.48, "n": 2}}]}