{"label": "87 runs \u00b7 up to 10 seeds \u00d7 10 offsets \u00b7 10 games \u00d7 5 rounds (mean \u00b1 95% CI)", "rows": [{"offset": 0.0, "n_seeds": 6, "survivor_rate": {"mean": 0.9416666666666668, "ci": 0.11433333333333333, "n": 6}, "cooperation": {"mean": 0.11699830506855553, "ci": 0.14557542131613962, "n": 6}, "reciprocity": {"mean": 0.0, "ci": 0.0, "n": 6}, "deception": {"mean": 0.0, "ci": 0.0, "n": 21}, "messages": {"mean": 12.5, "ci": 16.208066304569876, "n": 6}, "messages_per_round": {"mean": 0.1378828828828829, "ci": 0.16967138866300807, "n": 6}, "exposure": {"mean": 95.66666666666667, "ci": 8.493333333333334, "n": 6}, "social_frac": {"mean": 0.19935151673788157, "ci": 0.10712904031527529, "n": 6}, "welfare": {"mean": 866.6666666666666, "ci": 115.34136958514833, "n": 6}}, {"offset": 50.0, "n_seeds": 9, "survivor_rate": {"mean": 0.6055555555555556, "ci": 0.21008784171048045, "n": 9}, "cooperation": {"mean": 0.5853283508412793, "ci": 0.1629461632295555, "n": 9}, "reciprocity": {"mean": 0.46033790972786587, "ci": 0.2716239636257773, "n": 9}, "deception": {"mean": 0.0, "ci": 0.0, "n": 22}, "messages": {"mean": 46.0, "ci": 15.642524661248828, "n": 9}, "messages_per_round": {"mean": 0.6284331359876668, "ci": 0.16772418480364173, "n": 9}, "exposure": {"mean": 72.66666666666667, "ci": 15.132813500616614, "n": 9}, "social_frac": {"mean": 0.7699843960840128, "ci": 0.050065484274236204, "n": 9}, "welfare": {"mean": 514.4444444444445, "ci": 179.38138225923717, "n": 9}}, {"offset": 100.0, "n_seeds": 10, "survivor_rate": {"mean": 0.575, "ci": 0.18085064433270773, "n": 10}, "cooperation": {"mean": 0.44675434233478073, "ci": 0.13019117285804396, "n": 10}, "reciprocity": {"mean": 0.11918360433604336, "ci": 0.14493009960312206, "n": 10}, "deception": {"mean": 0.0, "ci": 0.0, "n": 170}, "messages": {"mean": 45.4, "ci": 14.474540652853584, "n": 10}, "messages_per_round": {"mean": 0.6234606619838929, "ci": 0.23736389951014952, "n": 10}, "exposure": {"mean": 74.6, "ci": 10.917510827412384, "n": 10}, "social_frac": {"mean": 0.7150564754530039, "ci": 0.07656151427416767, "n": 10}, "welfare": {"mean": 459.0, "ci": 130.50584770210276, "n": 10}}, {"offset": 150.0, "n_seeds": 10, "survivor_rate": {"mean": 0.48500000000000004, "ci": 0.1697724097464341, "n": 10}, "cooperation": {"mean": 0.4465565616345337, "ci": 0.10109527158352974, "n": 10}, "reciprocity": {"mean": 0.19768058738646974, "ci": 0.16271451233398057, "n": 10}, "deception": {"mean": 0.04938271604938271, "ci": 0.04718499368803445, "n": 81}, "messages": {"mean": 33.5, "ci": 18.893085154803767, "n": 10}, "messages_per_round": {"mean": 0.47280506515733683, "ci": 0.200420334152552, "n": 10}, "exposure": {"mean": 66.5, "ci": 12.51691868365906, "n": 10}, "social_frac": {"mean": 0.6642534387284634, "ci": 0.08509702494323283, "n": 10}, "welfare": {"mean": 364.6, "ci": 142.16695464761764, "n": 10}}, {"offset": 200.0, "n_seeds": 9, "survivor_rate": {"mean": 0.43333333333333335, "ci": 0.14425209415002146, "n": 9}, "cooperation": {"mean": 0.5447303283679434, "ci": 0.08740127651360019, "n": 9}, "reciprocity": {"mean": 0.4311629768866611, "ci": 0.2275968238373558, "n": 9}, "deception": {"mean": 0.0, "ci": 0.0, "n": 31}, "messages": {"mean": 41.888888888888886, "ci": 18.236207099688137, "n": 9}, "messages_per_round": {"mean": 0.6704564523688793, "ci": 0.3555728108990723, "n": 9}, "exposure": {"mean": 66.11111111111111, "ci": 9.526377674905518, "n": 9}, "social_frac": {"mean": 0.7135888729472438, "ci": 0.0765706182513552, "n": 9}, "welfare": {"mean": 302.3333333333333, "ci": 84.85917275109391, "n": 9}}, {"offset": 250.0, "n_seeds": 8, "survivor_rate": {"mean": 0.44375, "ci": 0.1883588662633113, "n": 8}, "cooperation": {"mean": 0.4560102002943094, "ci": 0.14239706908350505, "n": 8}, "reciprocity": {"mean": 0.13287545787545788, "ci": 0.24306838808990752, "n": 8}, "deception": {"mean": 0.017543859649122806, "ci": 0.034082998963346316, "n": 57}, "messages": {"mean": 35.875, "ci": 26.171786813284257, "n": 8}, "messages_per_round": {"mean": 0.5001598465473145, "ci": 0.31138075667626697, "n": 8}, "exposure": {"mean": 65.625, "ci": 12.932061900563266, "n": 8}, "social_frac": {"mean": 0.6583701400438312, "ci": 0.03990681175600706, "n": 8}, "welfare": {"mean": 341.375, "ci": 179.01071203981058, "n": 8}}, {"offset": 300.0, "n_seeds": 8, "survivor_rate": {"mean": 0.31875, "ci": 0.1268840514012695, "n": 8}, "cooperation": {"mean": 0.4328281077076317, "ci": 0.18381656891952575, "n": 8}, "reciprocity": {"mean": 0.1388888888888889, "ci": 0.24261181716305677, "n": 8}, "deception": {"mean": 0.0, "ci": 0.0, "n": 12}, "messages": {"mean": 23.25, "ci": 6.602673700857857, "n": 8}, "messages_per_round": {"mean": 0.44951246857937716, "ci": 0.17055999542208197, "n": 8}, "exposure": {"mean": 55.625, "ci": 10.658002861699746, "n": 8}, "social_frac": {"mean": 0.7622867691358812, "ci": 0.09023598542795318, "n": 8}, "welfare": {"mean": 209.25, "ci": 82.12957141005911, "n": 8}}, {"offset": 350.0, "n_seeds": 10, "survivor_rate": {"mean": 0.36, "ci": 0.17334892237590888, "n": 10}, "cooperation": {"mean": 0.5942380325387806, "ci": 0.18697968469028955, "n": 10}, "reciprocity": {"mean": 0.3027520955947922, "ci": 0.22114216846806134, "n": 10}, "deception": {"mean": 0.0, "ci": 0.0, "n": 59}, "messages": {"mean": 50.2, "ci": 27.665870382115216, "n": 10}, "messages_per_round": {"mean": 0.82497035480859, "ci": 0.43158074782222033, "n": 10}, "exposure": {"mean": 61.1, "ci": 11.10839594380955, "n": 10}, "social_frac": {"mean": 0.723530618205243, "ci": 0.0967391098791629, "n": 10}, "welfare": {"mean": 279.7, "ci": 130.95057456748918, "n": 10}}, {"offset": 400.0, "n_seeds": 9, "survivor_rate": {"mean": 0.15555555555555556, "ci": 0.0986030826152741, "n": 9}, "cooperation": {"mean": 0.3620175202193648, "ci": 0.06827482643774148, "n": 9}, "reciprocity": {"mean": 0.17412217412217412, "ci": 0.2071374790118904, "n": 9}, "deception": {"mean": 0.0, "ci": 0.0, "n": 86}, "messages": {"mean": 16.77777777777778, "ci": 8.033461809330726, "n": 9}, "messages_per_round": {"mean": 0.375608340018911, "ci": 0.2060153067991617, "n": 9}, "exposure": {"mean": 48.888888888888886, "ci": 7.836218223695835, "n": 9}, "social_frac": {"mean": 0.6640858387180444, "ci": 0.0990220451405025, "n": 9}, "welfare": {"mean": 146.11111111111111, "ci": 58.11954007278107, "n": 9}}, {"offset": 500.0, "n_seeds": 8, "survivor_rate": {"mean": 0.20000000000000004, "ci": 0.08072793816269555, "n": 8}, "cooperation": {"mean": 0.39066574569862456, "ci": 0.08164595938822572, "n": 8}, "reciprocity": {"mean": 0.23406482158080621, "ci": 0.2338284233977269, "n": 8}, "deception": {"mean": 0.0, "ci": 0.0, "n": 34}, "messages": {"mean": 22.875, "ci": 6.023356622349369, "n": 8}, "messages_per_round": {"mean": 0.4336502693128464, "ci": 0.11703971588199609, "n": 8}, "exposure": {"mean": 54.375, "ci": 9.827523848864473, "n": 8}, "social_frac": {"mean": 0.7265442926622779, "ci": 0.09520792717768053, "n": 8}, "welfare": {"mean": 166.25, "ci": 53.713541123258665, "n": 8}}]}