{"label": "29 runs \u00b7 up to 9 seeds \u00d7 7 offsets \u00b7 10 games \u00d7 5 rounds (mean \u00b1 95% CI)", "rows": [{"offset": 0.0, "n_seeds": 3, "survivor_rate": {"mean": 1.0, "ci": 0.0, "n": 3}, "cooperation": {"mean": 0.0026666666666666666, "ci": 0.005226666666666667, "n": 3}, "reciprocity": {"mean": 0.0, "ci": 0.0, "n": 3}, "messages": {"mean": 0.3333333333333333, "ci": 0.6533333333333334, "n": 3}, "messages_per_round": {"mean": 0.0033333333333333335, "ci": 0.006533333333333335, "n": 3}, "exposure": {"mean": 100.0, "ci": 0.0, "n": 3}, "social_frac": {"mean": 0.15152641270827324, "ci": 0.16125603955171963, "n": 3}, "welfare": {"mean": 909.6666666666666, "ci": 43.62681947813498, "n": 3}}, {"offset": 50.0, "n_seeds": 6, "survivor_rate": {"mean": 0.7083333333333334, "ci": 0.2634683620053417, "n": 6}, "cooperation": {"mean": 0.6762371783360223, "ci": 0.1699822146858696, "n": 6}, "reciprocity": {"mean": 0.5232864880690967, "ci": 0.3368709132321082, "n": 6}, "messages": {"mean": 49.333333333333336, "ci": 15.587169652562899, "n": 6}, "messages_per_round": {"mean": 0.6262404743857718, "ci": 0.1126342586690087, "n": 6}, "exposure": {"mean": 79.16666666666667, "ci": 19.012449021043498, "n": 6}, "social_frac": {"mean": 0.7837571009409893, "ci": 0.06864780722530427, "n": 6}, "welfare": {"mean": 592.6666666666666, "ci": 226.2933908398073, "n": 6}}, {"offset": 100.0, "n_seeds": 9, "survivor_rate": {"mean": 0.5277777777777778, "ci": 0.17371105567636602, "n": 9}, "cooperation": {"mean": 0.42608121370531193, "ci": 0.13832897931745897, "n": 9}, "reciprocity": {"mean": 0.07455585666967782, "ci": 0.12919783978643234, "n": 9}, "messages": {"mean": 42.333333333333336, "ci": 14.721761669945165, "n": 9}, "messages_per_round": {"mean": 0.6116229577598813, "ci": 0.26411004480638556, "n": 9}, "exposure": {"mean": 71.77777777777777, "ci": 10.52342243536229, "n": 9}, "social_frac": {"mean": 0.7026553430959305, "ci": 0.08117013894797606, "n": 9}, "welfare": {"mean": 415.22222222222223, "ci": 109.93960613687345, "n": 9}}, {"offset": 150.0, "n_seeds": 6, "survivor_rate": {"mean": 0.5750000000000001, "ci": 0.20827401822278907, "n": 6}, "cooperation": {"mean": 0.511915552396383, "ci": 0.13164383142346475, "n": 6}, "reciprocity": {"mean": 0.2758962170726877, "ci": 0.2403220521471706, "n": 6}, "messages": {"mean": 47.666666666666664, "ci": 25.9415294674603, "n": 6}, "messages_per_round": {"mean": 0.620260056696501, "ci": 0.2574696922026785, "n": 6}, "exposure": {"mean": 73.16666666666667, "ci": 15.075587034820385, "n": 6}, "social_frac": {"mean": 0.6977368297177694, "ci": 0.06056290346859914, "n": 6}, "welfare": {"mean": 450.5, "ci": 182.37112775875462, "n": 6}}, {"offset": 200.0, "n_seeds": 2, "survivor_rate": {"mean": 0.175, "ci": 0.04900000000000001, "n": 2}, "cooperation": {"mean": 0.4825581395348837, "ci": 0.03418604651162791, "n": 2}, "reciprocity": {"mean": 0.35, "ci": 0.6859999999999998, "n": 2}, "messages": {"mean": 21.0, "ci": 0.0, "n": 2}, "messages_per_round": {"mean": 0.4316860465116279, "ci": 0.11110465116279067, "n": 2}, "exposure": {"mean": 49.5, "ci": 12.739999999999998, "n": 2}, "social_frac": {"mean": 0.6005863539445628, "ci": 0.012850746268656642, "n": 2}, "welfare": {"mean": 137.5, "ci": 48.019999999999996, "n": 2}}, {"offset": 250.0, "n_seeds": 1, "survivor_rate": {"mean": 0.35, "ci": 0.0, "n": 1}, "cooperation": {"mean": 0.7203389830508474, "ci": 0.0, "n": 1}, "reciprocity": {"mean": 0.015384615384615385, "ci": 0.0, "n": 1}, "messages": {"mean": 86.0, "ci": 0.0, "n": 1}, "messages_per_round": {"mean": 1.2647058823529411, "ci": 0.0, "n": 1}, "exposure": {"mean": 68.0, "ci": 0.0, "n": 1}, "social_frac": {"mean": 0.6782477341389728, "ci": 0.0, "n": 1}, "welfare": {"mean": 304.0, "ci": 0.0, "n": 1}}, {"offset": 300.0, "n_seeds": 2, "survivor_rate": {"mean": 0.3, "ci": 0.392, "n": 2}, "cooperation": {"mean": 0.35185185185185186, "ci": 0.39925925925925926, "n": 2}, "reciprocity": {"mean": 0.05555555555555555, "ci": 0.10888888888888887, "n": 2}, "messages": {"mean": 15.5, "ci": 8.819999999999999, "n": 2}, "messages_per_round": {"mean": 0.3063965884861407, "ci": 0.015462686567164197, "n": 2}, "exposure": {"mean": 51.0, "ci": 31.359999999999996, "n": 2}, "social_frac": {"mean": 0.8006168189095019, "ci": 0.25457481872116017, "n": 2}, "welfare": {"mean": 177.0, "ci": 168.56, "n": 2}}]}