{"label": "52 runs \u00b7 up to 9 seeds \u00d7 8 offsets \u00b7 10 games \u00d7 5 rounds (mean \u00b1 95% CI)", "rows": [{"offset": 0.0, "n_seeds": 4, "survivor_rate": {"mean": 0.9125, "ci": 0.17149999999999999, "n": 4}, "cooperation": {"mean": 0.06572549019607843, "ci": 0.12365053881908442, "n": 4}, "reciprocity": {"mean": 0.0, "ci": 0.0, "n": 4}, "messages": {"mean": 5.75, "ci": 10.626713195213906, "n": 4}, "messages_per_round": {"mean": 0.07682432432432433, "ci": 0.14411640645565227, "n": 4}, "exposure": {"mean": 93.5, "ci": 12.74, "n": 4}, "social_frac": {"mean": 0.19455390044029586, "ci": 0.14182368553773536, "n": 4}, "welfare": {"mean": 827.0, "ci": 164.9372316973945, "n": 4}}, {"offset": 50.0, "n_seeds": 6, "survivor_rate": {"mean": 0.7083333333333334, "ci": 0.2634683620053417, "n": 6}, "cooperation": {"mean": 0.6762371783360223, "ci": 0.1699822146858696, "n": 6}, "reciprocity": {"mean": 0.5232864880690967, "ci": 0.3368709132321082, "n": 6}, "messages": {"mean": 49.333333333333336, "ci": 15.587169652562899, "n": 6}, "messages_per_round": {"mean": 0.6262404743857718, "ci": 0.1126342586690087, "n": 6}, "exposure": {"mean": 79.16666666666667, "ci": 19.012449021043498, "n": 6}, "social_frac": {"mean": 0.7837571009409893, "ci": 0.06864780722530427, "n": 6}, "welfare": {"mean": 592.6666666666666, "ci": 226.2933908398073, "n": 6}}, {"offset": 100.0, "n_seeds": 9, "survivor_rate": {"mean": 0.5277777777777778, "ci": 0.17371105567636602, "n": 9}, "cooperation": {"mean": 0.42608121370531193, "ci": 0.13832897931745897, "n": 9}, "reciprocity": {"mean": 0.07455585666967782, "ci": 0.12919783978643234, "n": 9}, "messages": {"mean": 42.333333333333336, "ci": 14.721761669945165, "n": 9}, "messages_per_round": {"mean": 0.6116229577598813, "ci": 0.26411004480638556, "n": 9}, "exposure": {"mean": 71.77777777777777, "ci": 10.52342243536229, "n": 9}, "social_frac": {"mean": 0.7026553430959305, "ci": 0.08117013894797606, "n": 9}, "welfare": {"mean": 415.22222222222223, "ci": 109.93960613687345, "n": 9}}, {"offset": 150.0, "n_seeds": 6, "survivor_rate": {"mean": 0.5750000000000001, "ci": 0.20827401822278907, "n": 6}, "cooperation": {"mean": 0.511915552396383, "ci": 0.13164383142346475, "n": 6}, "reciprocity": {"mean": 0.2758962170726877, "ci": 0.2403220521471706, "n": 6}, "messages": {"mean": 47.666666666666664, "ci": 25.9415294674603, "n": 6}, "messages_per_round": {"mean": 0.620260056696501, "ci": 0.2574696922026785, "n": 6}, "exposure": {"mean": 73.16666666666667, "ci": 15.075587034820385, "n": 6}, "social_frac": {"mean": 0.6977368297177694, "ci": 0.06056290346859914, "n": 6}, "welfare": {"mean": 450.5, "ci": 182.37112775875462, "n": 6}}, {"offset": 200.0, "n_seeds": 7, "survivor_rate": {"mean": 0.4071428571428572, "ci": 0.18073922282301277, "n": 7}, "cooperation": {"mean": 0.5649934153846347, "ci": 0.09111791295910945, "n": 7}, "reciprocity": {"mean": 0.388562925170068, "ci": 0.24199974651807968, "n": 7}, "messages": {"mean": 45.0, "ci": 23.03273033460572, "n": 7}, "messages_per_round": {"mean": 0.7359255661912417, "ci": 0.4497312602368449, "n": 7}, "exposure": {"mean": 65.0, "ci": 12.32212102954141, "n": 7}, "social_frac": {"mean": 0.6973932449094197, "ci": 0.07561735650139141, "n": 7}, "welfare": {"mean": 289.85714285714283, "ci": 108.92803740696574, "n": 7}}, {"offset": 250.0, "n_seeds": 6, "survivor_rate": {"mean": 0.36666666666666664, "ci": 0.1446214983250339, "n": 6}, "cooperation": {"mean": 0.42973267796054665, "ci": 0.1395960619873759, "n": 6}, "reciprocity": {"mean": 0.0105006105006105, "ci": 0.015361045572809368, "n": 6}, "messages": {"mean": 28.666666666666668, "ci": 25.618665417577432, "n": 6}, "messages_per_round": {"mean": 0.4502131287297528, "ci": 0.3767602963260347, "n": 6}, "exposure": {"mean": 62.5, "ci": 11.04983499122649, "n": 6}, "social_frac": {"mean": 0.666382884458505, "ci": 0.05007674863796721, "n": 6}, "welfare": {"mean": 272.5, "ci": 88.69045119590572, "n": 6}}, {"offset": 300.0, "n_seeds": 7, "survivor_rate": {"mean": 0.35714285714285715, "ci": 0.11796609682446901, "n": 7}, "cooperation": {"mean": 0.4531022529645661, "ci": 0.2072340899715363, "n": 7}, "reciprocity": {"mean": 0.15873015873015875, "ci": 0.27652160409426274, "n": 7}, "messages": {"mean": 23.142857142857142, "ci": 7.620253714061406, "n": 7}, "messages_per_round": {"mean": 0.42801424980500247, "ci": 0.19084103913891518, "n": 7}, "exposure": {"mean": 57.857142857142854, "ci": 11.222144774210202, "n": 7}, "social_frac": {"mean": 0.749957514827325, "ci": 0.10038970388111518, "n": 7}, "welfare": {"mean": 227.71428571428572, "ci": 85.13166586725137, "n": 7}}, {"offset": 350.0, "n_seeds": 7, "survivor_rate": {"mean": 0.3071428571428571, "ci": 0.14727751582188867, "n": 7}, "cooperation": {"mean": 0.46360677975070547, "ci": 0.19527927398999098, "n": 7}, "reciprocity": {"mean": 0.0956775968814492, "ci": 0.10514873271168239, "n": 7}, "messages": {"mean": 39.714285714285715, "ci": 30.597394224563192, "n": 7}, "messages_per_round": {"mean": 0.6952637721755368, "ci": 0.4614757258240114, "n": 7}, "exposure": {"mean": 57.857142857142854, "ci": 10.277691050685135, "n": 7}, "social_frac": {"mean": 0.7643537140024362, "ci": 0.12357908992492858, "n": 7}, "welfare": {"mean": 234.42857142857142, "ci": 82.19752794336335, "n": 7}}]}