{"label": "14 runs \u00b7 up to 6 seeds \u00d7 3 offsets \u00b7 10 games \u00d7 5 rounds (mean \u00b1 95% CI)", "rows": [{"offset": 50.0, "n_seeds": 3, "survivor_rate": {"mean": 0.8666666666666667, "ci": 0.26133333333333336, "n": 3}, "cooperation": {"mean": 0.7498757146408153, "ci": 0.24563873665485556, "n": 3}, "reciprocity": {"mean": 0.3096969696969697, "ci": 0.5875150494838955, "n": 3}, "messages": {"mean": 47.666666666666664, "ci": 5.582082446940786, "n": 3}, "messages_per_round": {"mean": 0.533849765258216, "ci": 0.05682791054232112, "n": 3}, "exposure": {"mean": 90.33333333333333, "ci": 18.946666666666665, "n": 3}, "social_frac": {"mean": 0.7260700148592392, "ci": 0.02962363331173965, "n": 3}, "welfare": {"mean": 712.0, "ci": 220.4368353973537, "n": 3}}, {"offset": 100.0, "n_seeds": 6, "survivor_rate": {"mean": 0.5833333333333334, "ci": 0.13782081765022938, "n": 6}, "cooperation": {"mean": 0.4896292719822275, "ci": 0.16764660848925247, "n": 6}, "reciprocity": {"mean": 0.10813008130081302, "ci": 0.1934441059233004, "n": 6}, "messages": {"mean": 49.833333333333336, "ci": 17.52651147389133, "n": 6}, "messages_per_round": {"mean": 0.7134226668305325, "ci": 0.36362875270793965, "n": 6}, "exposure": {"mean": 74.5, "ci": 9.531728069977659, "n": 6}, "social_frac": {"mean": 0.6513106935942963, "ci": 0.09337461874378558, "n": 6}, "welfare": {"mean": 436.8333333333333, "ci": 87.6091742025026, "n": 6}}, {"offset": 150.0, "n_seeds": 5, "survivor_rate": {"mean": 0.51, "ci": 0.2017943507633452, "n": 5}, "cooperation": {"mean": 0.46090060462323235, "ci": 0.10487305690858331, "n": 5}, "reciprocity": {"mean": 0.18562091503267972, "ci": 0.1991748083907511, "n": 5}, "messages": {"mean": 41.8, "ci": 28.480088202110608, "n": 5}, "messages_per_round": {"mean": 0.5804822808017587, "ci": 0.30053000278068465, "n": 5}, "exposure": {"mean": 69.0, "ci": 15.519932989546056, "n": 5}, "social_frac": {"mean": 0.7109840470729132, "ci": 0.06701165152485378, "n": 5}, "welfare": {"mean": 389.8, "ci": 169.2847813124381, "n": 5}}]}