{"label": "112 runs \u00b7 up to 10 seeds \u00d7 14 offsets \u00b7 10 games \u00d7 5 rounds (mean \u00b1 95% CI)", "rows": [{"offset": 0.0, "n_seeds": 10, "survivor_rate": {"mean": 0.9650000000000001, "ci": 0.0686, "n": 10}, "cooperation": {"mean": 0.20903874013043686, "ci": 0.1491076207072038, "n": 10}, "reciprocity": {"mean": 0.0011235955056179774, "ci": 0.002202247191011236, "n": 10}, "deception": {"mean": 0.0, "ci": 0.0, "n": 20}, "messages": {"mean": 35.7, "ci": 34.47724869146802, "n": 10}, "messages_per_round": {"mean": 0.3647297297297297, "ci": 0.3437929099936979, "n": 10}, "exposure": {"mean": 97.4, "ci": 5.096, "n": 10}, "social_frac": {"mean": 0.27288332861217496, "ci": 0.1105185249841961, "n": 10}, "welfare": {"mean": 893.0, "ci": 70.96595565637244, "n": 10}}, {"offset": 10.0, "n_seeds": 4, "survivor_rate": {"mean": 0.9, "ci": 0.196, "n": 4}, "cooperation": {"mean": 0.5186792452830189, "ci": 0.46006733045917575, "n": 4}, "reciprocity": {"mean": 0.14795918367346939, "ci": 0.29, "n": 4}, "deception": {"mean": 0.0, "ci": 0.0, "n": 243}, "messages": {"mean": 36.25, "ci": 31.28206461643263, "n": 4}, "messages_per_round": {"mean": 0.3828424657534246, "ci": 0.3033520204582983, "n": 4}, "exposure": {"mean": 93.25, "ci": 13.23, "n": 4}, "social_frac": {"mean": 0.7326243615760306, "ci": 0.18235755036842133, "n": 4}, "welfare": {"mean": 812.25, "ci": 204.3707313519559, "n": 4}}, {"offset": 20.0, "n_seeds": 5, "survivor_rate": {"mean": 0.8699999999999999, "ci": 0.1742086105793855, "n": 5}, "cooperation": {"mean": 0.49903820684991756, "ci": 0.28441888992487685, "n": 5}, "reciprocity": {"mean": 0.13859925788497215, "ci": 0.2280450738395358, "n": 5}, "deception": {"mean": 0.0, "ci": 0.0, "n": 86}, "messages": {"mean": 65.6, "ci": 31.704779702751445, "n": 5}, "messages_per_round": {"mean": 0.7158288770053476, "ci": 0.3662657226994947, "n": 5}, "exposure": {"mean": 91.2, "ci": 10.937432239790104, "n": 5}, "social_frac": {"mean": 0.6878693503351885, "ci": 0.1229665439663023, "n": 5}, "welfare": {"mean": 778.6, "ci": 168.54814842056263, "n": 5}}, {"offset": 30.0, "n_seeds": 2, "survivor_rate": {"mean": 1.0, "ci": 0.0, "n": 2}, "cooperation": {"mean": 0.6024380495603517, "ci": 0.2783325339728217, "n": 2}, "reciprocity": {"mean": 0.4444444444444444, "ci": 0.871111111111111, "n": 2}, "deception": {"mean": 0.0, "ci": 0.0, "n": 130}, "messages": {"mean": 36.0, "ci": 29.4, "n": 2}, "messages_per_round": {"mean": 0.36, "ci": 0.294, "n": 2}, "exposure": {"mean": 100.0, "ci": 0.0, "n": 2}, "social_frac": {"mean": 0.8116541859383795, "ci": 0.09796282700731719, "n": 2}, "welfare": {"mean": 900.0, "ci": 1.9599999999999997, "n": 2}}, {"offset": 40.0, "n_seeds": 1, "survivor_rate": {"mean": 0.6, "ci": 0.0, "n": 1}, "cooperation": {"mean": 0.28169014084507044, "ci": 0.0, "n": 1}, "reciprocity": {"mean": 0.0, "ci": 0.0, "n": 1}, "deception": {"mean": 0.0, "ci": 0.0, "n": 1}, "messages": {"mean": 18.0, "ci": 0.0, "n": 1}, "messages_per_round": {"mean": 0.2535211267605634, "ci": 0.0, "n": 1}, "exposure": {"mean": 71.0, "ci": 0.0, "n": 1}, "social_frac": {"mean": 0.7791932059447984, "ci": 0.0, "n": 1}, "welfare": {"mean": 466.0, "ci": 0.0, "n": 1}}, {"offset": 50.0, "n_seeds": 10, "survivor_rate": {"mean": 0.5950000000000001, "ci": 0.18904378093740903, "n": 10}, "cooperation": {"mean": 0.5617161506777862, "ci": 0.1529149828282845, "n": 10}, "reciprocity": {"mean": 0.4143041187550793, "ci": 0.25916102084992026, "n": 10}, "deception": {"mean": 0.0, "ci": 0.0, "n": 22}, "messages": {"mean": 43.5, "ci": 14.82433344950869, "n": 10}, "messages_per_round": {"mean": 0.5984023223889001, "ci": 0.1611510713374641, "n": 10}, "exposure": {"mean": 71.8, "ci": 13.641374710783365, "n": 10}, "social_frac": {"mean": 0.7482289232275297, "ci": 0.06183424418890391, "n": 10}, "welfare": {"mean": 498.1, "ci": 163.61049044877558, "n": 10}}, {"offset": 100.0, "n_seeds": 10, "survivor_rate": {"mean": 0.575, "ci": 0.18085064433270773, "n": 10}, "cooperation": {"mean": 0.44675434233478073, "ci": 0.13019117285804396, "n": 10}, "reciprocity": {"mean": 0.11918360433604336, "ci": 0.14493009960312206, "n": 10}, "deception": {"mean": 0.0, "ci": 0.0, "n": 170}, "messages": {"mean": 45.4, "ci": 14.474540652853584, "n": 10}, "messages_per_round": {"mean": 0.6234606619838929, "ci": 0.23736389951014952, "n": 10}, "exposure": {"mean": 74.6, "ci": 10.917510827412384, "n": 10}, "social_frac": {"mean": 0.7150564754530039, "ci": 0.07656151427416767, "n": 10}, "welfare": {"mean": 459.0, "ci": 130.50584770210276, "n": 10}}, {"offset": 150.0, "n_seeds": 10, "survivor_rate": {"mean": 0.48500000000000004, "ci": 0.1697724097464341, "n": 10}, "cooperation": {"mean": 0.4465565616345337, "ci": 0.10109527158352974, "n": 10}, "reciprocity": {"mean": 0.19768058738646974, "ci": 0.16271451233398057, "n": 10}, "deception": {"mean": 0.04938271604938271, "ci": 0.04718499368803445, "n": 81}, "messages": {"mean": 33.5, "ci": 18.893085154803767, "n": 10}, "messages_per_round": {"mean": 0.47280506515733683, "ci": 0.200420334152552, "n": 10}, "exposure": {"mean": 66.5, "ci": 12.51691868365906, "n": 10}, "social_frac": {"mean": 0.6642534387284634, "ci": 0.08509702494323283, "n": 10}, "welfare": {"mean": 364.6, "ci": 142.16695464761764, "n": 10}}, {"offset": 200.0, "n_seeds": 10, "survivor_rate": {"mean": 0.39, "ci": 0.15446878145581533, "n": 10}, "cooperation": {"mean": 0.5769239621978157, "ci": 0.10046261107636119, "n": 10}, "reciprocity": {"mean": 0.46138001253132827, "ci": 0.21200919362417076, "n": 10}, "deception": {"mean": 0.0, "ci": 0.0, "n": 31}, "messages": {"mean": 40.3, "ci": 16.605594826911666, "n": 10}, "messages_per_round": {"mean": 0.6900774737986579, "ci": 0.3203507069859292, "n": 10}, "exposure": {"mean": 62.5, "ci": 11.07684230977202, "n": 10}, "social_frac": {"mean": 0.7211515542799705, "ci": 0.07007256742895286, "n": 10}, "welfare": {"mean": 275.5, "ci": 92.34133457510299, "n": 10}}, {"offset": 250.0, "n_seeds": 10, "survivor_rate": {"mean": 0.45999999999999996, "ci": 0.17760575566249093, "n": 10}, "cooperation": {"mean": 0.48421965658581245, "ci": 0.13845848039190548, "n": 10}, "reciprocity": {"mean": 0.26499601847427934, "ci": 0.26496620370972074, "n": 10}, "deception": {"mean": 0.0, "ci": 0.0, "n": 56}, "messages": {"mean": 39.8, "ci": 21.87798633837726, "n": 10}, "messages_per_round": {"mean": 0.5452604529954275, "ci": 0.25279524258271857, "n": 10}, "exposure": {"mean": 67.6, "ci": 12.107661045800713, "n": 10}, "social_frac": {"mean": 0.6316227764277593, "ci": 0.04902645044685468, "n": 10}, "welfare": {"mean": 370.3, "ci": 162.63461455258124, "n": 10}}, {"offset": 300.0, "n_seeds": 10, "survivor_rate": {"mean": 0.33499999999999996, "ci": 0.12571362517863985, "n": 10}, "cooperation": {"mean": 0.4298572085957792, "ci": 0.15120179797763758, "n": 10}, "reciprocity": {"mean": 0.2097718253968254, "ci": 0.2170535048284946, "n": 10}, "deception": {"mean": 0.0, "ci": 0.0, "n": 12}, "messages": {"mean": 25.2, "ci": 6.492700311375331, "n": 10}, "messages_per_round": {"mean": 0.45743658102543155, "ci": 0.13589681150546068, "n": 10}, "exposure": {"mean": 57.7, "ci": 9.615548612071548, "n": 10}, "social_frac": {"mean": 0.742363460211171, "ci": 0.085399577711778, "n": 10}, "welfare": {"mean": 232.8, "ci": 82.27840430581473, "n": 10}}, {"offset": 350.0, "n_seeds": 10, "survivor_rate": {"mean": 0.36, "ci": 0.17334892237590888, "n": 10}, "cooperation": {"mean": 0.5942380325387806, "ci": 0.18697968469028955, "n": 10}, "reciprocity": {"mean": 0.3027520955947922, "ci": 0.22114216846806134, "n": 10}, "deception": {"mean": 0.0, "ci": 0.0, "n": 59}, "messages": {"mean": 50.2, "ci": 27.665870382115216, "n": 10}, "messages_per_round": {"mean": 0.82497035480859, "ci": 0.43158074782222033, "n": 10}, "exposure": {"mean": 61.1, "ci": 11.10839594380955, "n": 10}, "social_frac": {"mean": 0.723530618205243, "ci": 0.0967391098791629, "n": 10}, "welfare": {"mean": 279.7, "ci": 130.95057456748918, "n": 10}}, {"offset": 400.0, "n_seeds": 10,