{"label": "8 runs \u00b7 up to 3 seeds \u00d7 3 offsets \u00b7 10 games \u00d7 5 rounds (mean \u00b1 95% CI)", "rows": [{"offset": 50.0, "n_seeds": 3, "survivor_rate": {"mean": 0.8666666666666667, "ci": 0.26133333333333336, "n": 3}, "cooperation": {"mean": 0.7498757146408153, "ci": 0.24563873665485556, "n": 3}, "reciprocity": {"mean": 0.3096969696969697, "ci": 0.5875150494838955, "n": 3}, "messages": {"mean": 47.666666666666664, "ci": 5.582082446940786, "n": 3}, "messages_per_round": {"mean": 0.533849765258216, "ci": 0.05682791054232112, "n": 3}, "exposure": {"mean": 90.33333333333333, "ci": 18.946666666666665, "n": 3}, "social_frac": {"mean": 0.7260700148592392, "ci": 0.02962363331173965, "n": 3}, "welfare": {"mean": 712.0, "ci": 220.4368353973537, "n": 3}}, {"offset": 100.0, "n_seeds": 2, "survivor_rate": {"mean": 0.55, "ci": 0.09799999999999998, "n": 2}, "cooperation": {"mean": 0.34665697674418605, "ci": 0.17805232558139533, "n": 2}, "reciprocity": {"mean": 0.32439024390243903, "ci": 0.5401951219512195, "n": 2}, "messages": {"mean": 47.0, "ci": 1.9599999999999997, "n": 2}, "messages_per_round": {"mean": 0.6482679862961553, "ci": 0.000746098210886954, "n": 2}, "exposure": {"mean": 72.5, "ci": 2.939999999999999, "n": 2}, "social_frac": {"mean": 0.7531799476243921, "ci": 0.24619154508043398, "n": 2}, "welfare": {"mean": 409.0, "ci": 21.56, "n": 2}}, {"offset": 150.0, "n_seeds": 3, "survivor_rate": {"mean": 0.55, "ci": 0.11316065276116666, "n": 3}, "cooperation": {"mean": 0.41636587257025215, "ci": 0.0893572697030155, "n": 3}, "reciprocity": {"mean": 0.1851851851851852, "ci": 0.362962962962963, "n": 3}, "messages": {"mean": 48.333333333333336, "ci": 48.93898423320389, "n": 3}, "messages_per_round": {"mean": 0.6177801853858192, "ci": 0.5409993661665848, "n": 3}, "exposure": {"mean": 73.33333333333333, "ci": 10.990767842957007, "n": 3}, "social_frac": {"mean": 0.683697901584107, "ci": 0.07797606236383899, "n": 3}, "welfare": {"mean": 419.0, "ci": 145.9903996843628, "n": 3}}]}