{"label": "82 runs \u00b7 up to 10 seeds \u00d7 10 offsets \u00b7 10 games \u00d7 5 rounds (mean \u00b1 95% CI)", "rows": [{"offset": 0.0, "n_seeds": 5, "survivor_rate": {"mean": 0.93, "ci": 0.1372, "n": 5}, "cooperation": {"mean": 0.1380075278352547, "ci": 0.17101126847531467, "n": 5}, "reciprocity": {"mean": 0.0, "ci": 0.0, "n": 5}, "deception": {"mean": 0.0, "ci": 0.0, "n": 21}, "messages": {"mean": 14.6, "ci": 19.19999833333326, "n": 5}, "messages_per_round": {"mean": 0.16145945945945947, "ci": 0.19994877233193742, "n": 5}, "exposure": {"mean": 94.8, "ci": 10.191999999999998, "n": 5}, "social_frac": {"mean": 0.22046188367846273, "ci": 0.12102457284393983, "n": 5}, "welfare": {"mean": 851.6, "ci": 136.55532540329577, "n": 5}}, {"offset": 50.0, "n_seeds": 8, "survivor_rate": {"mean": 0.6625000000000001, "ci": 0.2018198454067389, "n": 8}, "cooperation": {"mean": 0.6162149829317333, "ci": 0.17153910139138123, "n": 8}, "reciprocity": {"mean": 0.5000230055867063, "ci": 0.29509435288295605, "n": 8}, "deception": {"mean": 0.03, "ci": 0.03343509533409468, "n": 100}, "messages": {"mean": 49.625, "ci": 15.801753858353823, "n": 8}, "messages_per_round": {"mean": 0.6510662253545463, "ci": 0.1834088525198002, "n": 8}, "exposure": {"mean": 77.0, "ci": 14.201549211265647, "n": 8}, "social_frac": {"mean": 0.7708125982662702, "ci": 0.05673907598783643, "n": 8}, "welfare": {"mean": 565.125, "ci": 169.36609939713435, "n": 8}}, {"offset": 100.0, "n_seeds": 10, "survivor_rate": {"mean": 0.575, "ci": 0.18085064433270773, "n": 10}, "cooperation": {"mean": 0.44675434233478073, "ci": 0.13019117285804396, "n": 10}, "reciprocity": {"mean": 0.11918360433604336, "ci": 0.14493009960312206, "n": 10}, "deception": {"mean": 0.0, "ci": 0.0, "n": 170}, "messages": {"mean": 45.4, "ci": 14.474540652853584, "n": 10}, "messages_per_round": {"mean": 0.6234606619838929, "ci": 0.23736389951014952, "n": 10}, "exposure": {"mean": 74.6, "ci": 10.917510827412384, "n": 10}, "social_frac": {"mean": 0.7150564754530039, "ci": 0.07656151427416767, "n": 10}, "welfare": {"mean": 459.0, "ci": 130.50584770210276, "n": 10}}, {"offset": 150.0, "n_seeds": 8, "survivor_rate": {"mean": 0.5750000000000001, "ci": 0.15495160534825056, "n": 8}, "cooperation": {"mean": 0.4679179242653893, "ci": 0.11192271679126965, "n": 8}, "reciprocity": {"mean": 0.24710073423308718, "ci": 0.18933811952366034, "n": 8}, "deception": {"mean": 0.05333333333333334, "ci": 0.05085379245845296, "n": 75}, "messages": {"mean": 39.125, "ci": 21.98671473867799, "n": 8}, "messages_per_round": {"mean": 0.5132002089976915, "ci": 0.23492415140799391, "n": 8}, "exposure": {"mean": 73.0, "ci": 11.222726941345405, "n": 8}, "social_frac": {"mean": 0.6486274199082868, "ci": 0.08164237026586073, "n": 8}, "welfare": {"mean": 434.25, "ci": 137.81648994224165, "n": 8}}, {"offset": 200.0, "n_seeds": 8, "survivor_rate": {"mean": 0.43125, "ci": 0.16350095565469944, "n": 8}, "cooperation": {"mean": 0.5711549527472697, "ci": 0.07982919349237697, "n": 8}, "reciprocity": {"mean": 0.45874255952380955, "ci": 0.2506860259676462, "n": 8}, "deception": {"mean": 0.0, "ci": 0.0, "n": 31}, "messages": {"mean": 44.25, "ci": 20.001022473863678, "n": 8}, "messages_per_round": {"mean": 0.7125968422483224, "ci": 0.3921534984392384, "n": 8}, "exposure": {"mean": 65.75, "ci": 10.77204251755441, "n": 8}, "social_frac": {"mean": 0.7239831342395624, "ci": 0.08369339874064095, "n": 8}, "welfare": {"mean": 298.5, "ci": 95.84337014107967, "n": 8}}, {"offset": 250.0, "n_seeds": 8, "survivor_rate": {"mean": 0.44375, "ci": 0.1883588662633113, "n": 8}, "cooperation": {"mean": 0.4560102002943094, "ci": 0.14239706908350505, "n": 8}, "reciprocity": {"mean": 0.13287545787545788, "ci": 0.24306838808990752, "n": 8}, "deception": {"mean": 0.017543859649122806, "ci": 0.034082998963346316, "n": 57}, "messages": {"mean": 35.875, "ci": 26.171786813284257, "n": 8}, "messages_per_round": {"mean": 0.5001598465473145, "ci": 0.31138075667626697, "n": 8}, "exposure": {"mean": 65.625, "ci": 12.932061900563266, "n": 8}, "social_frac": {"mean": 0.6583701400438312, "ci": 0.03990681175600706, "n": 8}, "welfare": {"mean": 341.375, "ci": 179.01071203981058, "n": 8}}, {"offset": 300.0, "n_seeds": 8, "survivor_rate": {"mean": 0.31875, "ci": 0.1268840514012695, "n": 8}, "cooperation": {"mean": 0.4328281077076317, "ci": 0.18381656891952575, "n": 8}, "reciprocity": {"mean": 0.1388888888888889, "ci": 0.24261181716305677, "n": 8}, "deception": {"mean": 0.0, "ci": 0.0, "n": 12}, "messages": {"mean": 23.25, "ci": 6.602673700857857, "n": 8}, "messages_per_round": {"mean": 0.44951246857937716, "ci": 0.17055999542208197, "n": 8}, "exposure": {"mean": 55.625, "ci": 10.658002861699746, "n": 8}, "social_frac": {"mean": 0.7622867691358812, "ci": 0.09023598542795318, "n": 8}, "welfare": {"mean": 209.25, "ci": 82.12957141005911, "n": 8}}, {"offset": 350.0, "n_seeds": 10, "survivor_rate": {"mean": 0.36, "ci": 0.17334892237590888, "n": 10}, "cooperation": {"mean": 0.5942380325387806, "ci": 0.18697968469028955, "n": 10}, "reciprocity": {"mean": 0.3027520955947922, "ci": 0.22114216846806134, "n": 10}, "deception": {"mean": 0.0, "ci": 0.0, "n": 59}, "messages": {"mean": 50.2, "ci": 27.665870382115216, "n": 10}, "messages_per_round": {"mean": 0.82497035480859, "ci": 0.43158074782222033, "n": 10}, "exposure": {"mean": 61.1, "ci": 11.10839594380955, "n": 10}, "social_frac": {"mean": 0.723530618205243, "ci": 0.0967391098791629, "n": 10}, "welfare": {"mean": 279.7, "ci": 130.95057456748918, "n": 10}}, {"offset": 400.0, "n_seeds": 9, "survivor_rate": {"mean": 0.15555555555555556, "ci": 0.0986030826152741, "n": 9}, "cooperation": {"mean": 0.3620175202193648, "ci": 0.06827482643774148, "n": 9}, "reciprocity": {"mean": 0.17412217412217412, "ci": 0.2071374790118904, "n": 9}, "deception": {"mean": 0.0, "ci": 0.0, "n": 86}, "messages": {"mean": 16.77777777777778, "ci": 8.033461809330726, "n": 9}, "messages_per_round": {"mean": 0.375608340018911, "ci": 0.2060153067991617, "n": 9}, "exposure": {"mean": 48.888888888888886, "ci": 7.836218223695835, "n": 9}, "social_frac": {"mean": 0.6640858387180444, "ci": 0.0990220451405025, "n": 9}, "welfare": {"mean": 146.11111111111111, "ci": 58.11954007278107, "n": 9}}, {"offset": 500.0, "n_seeds": 8, "survivor_rate": {"mean": 0.20000000000000004, "ci": 0.08072793816269555, "n": 8}, "cooperation": {"mean": 0.39066574569862456, "ci": 0.08164595938822572, "n": 8}, "reciprocity": {"mean": 0.23406482158080621, "ci": 0.2338284233977269, "n": 8}, "deception": {"mean": 0.0, "ci": 0.0, "n": 34}, "messages": {"mean": 22.875, "ci": 6.023356622349369, "n": 8}, "messages_per_round": {"mean": 0.4336502693128464, "ci": 0.11703971588199609, "n": 8}, "exposure": {"mean": 54.375, "ci": 9.827523848864473, "n": 8}, "social_frac": {"mean": 0.7265442926622779, "ci": 0.09520792717768053, "n": 8}, "welfare": {"mean": 166.25, "ci": 53.713541123258665, "n": 8}}]}