{"label": "78 runs \u00b7 up to 10 seeds \u00d7 10 offsets \u00b7 10 games \u00d7 5 rounds (mean \u00b1 95% CI)", "rows": [{"offset": 0.0, "n_seeds": 4, "survivor_rate": {"mean": 0.9125, "ci": 0.17149999999999999, "n": 4}, "cooperation": {"mean": 0.06572549019607843, "ci": 0.12365053881908442, "n": 4}, "reciprocity": {"mean": 0.0, "ci": 0.0, "n": 4}, "deception": {"mean": 0.0, "ci": 0.0, "n": 22}, "messages": {"mean": 5.75, "ci": 10.626713195213906, "n": 4}, "messages_per_round": {"mean": 0.07682432432432433, "ci": 0.14411640645565227, "n": 4}, "exposure": {"mean": 93.5, "ci": 12.74, "n": 4}, "social_frac": {"mean": 0.19455390044029586, "ci": 0.14182368553773536, "n": 4}, "welfare": {"mean": 827.0, "ci": 164.9372316973945, "n": 4}}, {"offset": 50.0, "n_seeds": 7, "survivor_rate": {"mean": 0.6785714285714286, "ci": 0.23018543249591908, "n": 7}, "cooperation": {"mean": 0.676467917001346, "ci": 0.14366190380988894, "n": 7}, "reciprocity": {"mean": 0.5714548635276644, "ci": 0.2999530483790622, "n": 7}, "deception": {"mean": 0.014705882352941176, "ci": 0.01651845696743019, "n": 204}, "messages": {"mean": 53.714285714285715, "ci": 15.724935611950846, "n": 7}, "messages_per_round": {"mean": 0.7024090194528148, "ci": 0.1770575523317488, "n": 7}, "exposure": {"mean": 77.71428571428571, "ci": 16.318660075712916, "n": 7}, "social_frac": {"mean": 0.7842538068855894, "ci": 0.058026153826038006, "n": 7}, "welfare": {"mean": 577.5714285714286, "ci": 193.52780885443826, "n": 7}}, {"offset": 100.0, "n_seeds": 10, "survivor_rate": {"mean": 0.575, "ci": 0.18085064433270773, "n": 10}, "cooperation": {"mean": 0.44675434233478073, "ci": 0.13019117285804396, "n": 10}, "reciprocity": {"mean": 0.11918360433604336, "ci": 0.14493009960312206, "n": 10}, "deception": {"mean": 0.0, "ci": 0.0, "n": 170}, "messages": {"mean": 45.4, "ci": 14.474540652853584, "n": 10}, "messages_per_round": {"mean": 0.6234606619838929, "ci": 0.23736389951014952, "n": 10}, "exposure": {"mean": 74.6, "ci": 10.917510827412384, "n": 10}, "social_frac": {"mean": 0.7150564754530039, "ci": 0.07656151427416767, "n": 10}, "welfare": {"mean": 459.0, "ci": 130.50584770210276, "n": 10}}, {"offset": 150.0, "n_seeds": 7, "survivor_rate": {"mean": 0.5857142857142857, "ci": 0.1772719191900774, "n": 7}, "cooperation": {"mean": 0.4896505600627005, "ci": 0.11951166303253871, "n": 7}, "reciprocity": {"mean": 0.2824008391235282, "ci": 0.2035089374373095, "n": 7}, "deception": {"mean": 0.06666666666666667, "ci": 0.063117996494514, "n": 60}, "messages": {"mean": 42.142857142857146, "ci": 24.452086482207058, "n": 7}, "messages_per_round": {"mean": 0.548134993651946, "ci": 0.25948903063607553, "n": 7}, "exposure": {"mean": 73.85714285714286, "ci": 12.812868531285254, "n": 7}, "social_frac": {"mean": 0.6592547930580046, "ci": 0.09115263569996981, "n": 7}, "welfare": {"mean": 451.7142857142857, "ci": 154.1501086603574, "n": 7}}, {"offset": 200.0, "n_seeds": 7, "survivor_rate": {"mean": 0.4071428571428572, "ci": 0.18073922282301277, "n": 7}, "cooperation": {"mean": 0.5649934153846347, "ci": 0.09111791295910945, "n": 7}, "reciprocity": {"mean": 0.388562925170068, "ci": 0.24199974651807968, "n": 7}, "deception": {"mean": 0.0, "ci": 0.0, "n": 31}, "messages": {"mean": 45.0, "ci": 23.03273033460572, "n": 7}, "messages_per_round": {"mean": 0.7359255661912417, "ci": 0.4497312602368449, "n": 7}, "exposure": {"mean": 65.0, "ci": 12.32212102954141, "n": 7}, "social_frac": {"mean": 0.6973932449094197, "ci": 0.07561735650139141, "n": 7}, "welfare": {"mean": 289.85714285714283, "ci": 108.92803740696574, "n": 7}}, {"offset": 250.0, "n_seeds": 8, "survivor_rate": {"mean": 0.44375, "ci": 0.1883588662633113, "n": 8}, "cooperation": {"mean": 0.4560102002943094, "ci": 0.14239706908350505, "n": 8}, "reciprocity": {"mean": 0.13287545787545788, "ci": 0.24306838808990752, "n": 8}, "deception": {"mean": 0.017543859649122806, "ci": 0.034082998963346316, "n": 57}, "messages": {"mean": 35.875, "ci": 26.171786813284257, "n": 8}, "messages_per_round": {"mean": 0.5001598465473145, "ci": 0.31138075667626697, "n": 8}, "exposure": {"mean": 65.625, "ci": 12.932061900563266, "n": 8}, "social_frac": {"mean": 0.6583701400438312, "ci": 0.03990681175600706, "n": 8}, "welfare": {"mean": 341.375, "ci": 179.01071203981058, "n": 8}}, {"offset": 300.0, "n_seeds": 8, "survivor_rate": {"mean": 0.31875, "ci": 0.1268840514012695, "n": 8}, "cooperation": {"mean": 0.4328281077076317, "ci": 0.18381656891952575, "n": 8}, "reciprocity": {"mean": 0.1388888888888889, "ci": 0.24261181716305677, "n": 8}, "deception": {"mean": 0.0, "ci": 0.0, "n": 12}, "messages": {"mean": 23.25, "ci": 6.602673700857857, "n": 8}, "messages_per_round": {"mean": 0.44951246857937716, "ci": 0.17055999542208197, "n": 8}, "exposure": {"mean": 55.625, "ci": 10.658002861699746, "n": 8}, "social_frac": {"mean": 0.7622867691358812, "ci": 0.09023598542795318, "n": 8}, "welfare": {"mean": 209.25, "ci": 82.12957141005911, "n": 8}}, {"offset": 350.0, "n_seeds": 10, "survivor_rate": {"mean": 0.36, "ci": 0.17334892237590888, "n": 10}, "cooperation": {"mean": 0.5942380325387806, "ci": 0.18697968469028955, "n": 10}, "reciprocity": {"mean": 0.3027520955947922, "ci": 0.22114216846806134, "n": 10}, "deception": {"mean": 0.0, "ci": 0.0, "n": 59}, "messages": {"mean": 50.2, "ci": 27.665870382115216, "n": 10}, "messages_per_round": {"mean": 0.82497035480859, "ci": 0.43158074782222033, "n": 10}, "exposure": {"mean": 61.1, "ci": 11.10839594380955, "n": 10}, "social_frac": {"mean": 0.723530618205243, "ci": 0.0967391098791629, "n": 10}, "welfare": {"mean": 279.7, "ci": 130.95057456748918, "n": 10}}, {"offset": 400.0, "n_seeds": 9, "survivor_rate": {"mean": 0.15555555555555556, "ci": 0.0986030826152741, "n": 9}, "cooperation": {"mean": 0.3620175202193648, "ci": 0.06827482643774148, "n": 9}, "reciprocity": {"mean": 0.17412217412217412, "ci": 0.2071374790118904, "n": 9}, "deception": {"mean": 0.0, "ci": 0.0, "n": 86}, "messages": {"mean": 16.77777777777778, "ci": 8.033461809330726, "n": 9}, "messages_per_round": {"mean": 0.375608340018911, "ci": 0.2060153067991617, "n": 9}, "exposure": {"mean": 48.888888888888886, "ci": 7.836218223695835, "n": 9}, "social_frac": {"mean": 0.6640858387180444, "ci": 0.0990220451405025, "n": 9}, "welfare": {"mean": 146.11111111111111, "ci": 58.11954007278107, "n": 9}}, {"offset": 500.0, "n_seeds": 8, "survivor_rate": {"mean": 0.20000000000000004, "ci": 0.08072793816269555, "n": 8}, "cooperation": {"mean": 0.39066574569862456, "ci": 0.08164595938822572, "n": 8}, "reciprocity": {"mean": 0.23406482158080621, "ci": 0.2338284233977269, "n": 8}, "deception": {"mean": 0.0, "ci": 0.0, "n": 34}, "messages": {"mean": 22.875, "ci": 6.023356622349369, "n": 8}, "messages_per_round": {"mean": 0.4336502693128464, "ci": 0.11703971588199609, "n": 8}, "exposure": {"mean": 54.375, "ci": 9.827523848864473, "n": 8}, "social_frac": {"mean": 0.7265442926622779, "ci": 0.09520792717768053, "n": 8}, "welfare": {"mean": 166.25, "ci": 53.713541123258665, "n": 8}}]}