{"label": "36 runs \u00b7 up to 9 seeds \u00d7 8 offsets \u00b7 10 games \u00d7 5 rounds (mean \u00b1 95% CI)", "rows": [{"offset": 0.0, "n_seeds": 4, "survivor_rate": {"mean": 0.9125, "ci": 0.17149999999999999, "n": 4}, "cooperation": {"mean": 0.06572549019607843, "ci": 0.12365053881908442, "n": 4}, "reciprocity": {"mean": 0.0, "ci": 0.0, "n": 4}, "messages": {"mean": 5.75, "ci": 10.626713195213906, "n": 4}, "messages_per_round": {"mean": 0.07682432432432433, "ci": 0.14411640645565227, "n": 4}, "exposure": {"mean": 93.5, "ci": 12.74, "n": 4}, "social_frac": {"mean": 0.19455390044029586, "ci": 0.14182368553773536, "n": 4}, "welfare": {"mean": 827.0, "ci": 164.9372316973945, "n": 4}}, {"offset": 50.0, "n_seeds": 6, "survivor_rate": {"mean": 0.7083333333333334, "ci": 0.2634683620053417, "n": 6}, "cooperation": {"mean": 0.6762371783360223, "ci": 0.1699822146858696, "n": 6}, "reciprocity": {"mean": 0.5232864880690967, "ci": 0.3368709132321082, "n": 6}, "messages": {"mean": 49.333333333333336, "ci": 15.587169652562899, "n": 6}, "messages_per_round": {"mean": 0.6262404743857718, "ci": 0.1126342586690087, "n": 6}, "exposure": {"mean": 79.16666666666667, "ci": 19.012449021043498, "n": 6}, "social_frac": {"mean": 0.7837571009409893, "ci": 0.06864780722530427, "n": 6}, "welfare": {"mean": 592.6666666666666, "ci": 226.2933908398073, "n": 6}}, {"offset": 100.0, "n_seeds": 9, "survivor_rate": {"mean": 0.5277777777777778, "ci": 0.17371105567636602, "n": 9}, "cooperation": {"mean": 0.42608121370531193, "ci": 0.13832897931745897, "n": 9}, "reciprocity": {"mean": 0.07455585666967782, "ci": 0.12919783978643234, "n": 9}, "messages": {"mean": 42.333333333333336, "ci": 14.721761669945165, "n": 9}, "messages_per_round": {"mean": 0.6116229577598813, "ci": 0.26411004480638556, "n": 9}, "exposure": {"mean": 71.77777777777777, "ci": 10.52342243536229, "n": 9}, "social_frac": {"mean": 0.7026553430959305, "ci": 0.08117013894797606, "n": 9}, "welfare": {"mean": 415.22222222222223, "ci": 109.93960613687345, "n": 9}}, {"offset": 150.0, "n_seeds": 6, "survivor_rate": {"mean": 0.5750000000000001, "ci": 0.20827401822278907, "n": 6}, "cooperation": {"mean": 0.511915552396383, "ci": 0.13164383142346475, "n": 6}, "reciprocity": {"mean": 0.2758962170726877, "ci": 0.2403220521471706, "n": 6}, "messages": {"mean": 47.666666666666664, "ci": 25.9415294674603, "n": 6}, "messages_per_round": {"mean": 0.620260056696501, "ci": 0.2574696922026785, "n": 6}, "exposure": {"mean": 73.16666666666667, "ci": 15.075587034820385, "n": 6}, "social_frac": {"mean": 0.6977368297177694, "ci": 0.06056290346859914, "n": 6}, "welfare": {"mean": 450.5, "ci": 182.37112775875462, "n": 6}}, {"offset": 200.0, "n_seeds": 3, "survivor_rate": {"mean": 0.26666666666666666, "ci": 0.18188030251911405, "n": 3}, "cooperation": {"mean": 0.4782710829222457, "ci": 0.02145148322209821, "n": 3}, "reciprocity": {"mean": 0.5222222222222223, "ci": 0.5203932036640689, "n": 3}, "messages": {"mean": 27.666666666666668, "ci": 13.066666666666666, "n": 3}, "messages_per_round": {"mean": 0.49804710793082885, "ci": 0.14502534025654734, "n": 3}, "exposure": {"mean": 54.666666666666664, "ci": 12.516066119636436, "n": 3}, "social_frac": {"mean": 0.6409168113690744, "ci": 0.07939512300347928, "n": 3}, "welfare": {"mean": 191.33333333333334, "ci": 109.09492950840772, "n": 3}}, {"offset": 250.0, "n_seeds": 2, "survivor_rate": {"mean": 0.425, "ci": 0.147, "n": 2}, "cooperation": {"mean": 0.47591023226616447, "ci": 0.47908035153797857, "n": 2}, "reciprocity": {"mean": 0.0315018315018315, "ci": 0.031589743589743584, "n": 2}, "messages": {"mean": 54.0, "ci": 62.71999999999999, "n": 2}, "messages_per_round": {"mean": 0.7941176470588235, "ci": 0.9223529411764705, "n": 2}, "exposure": {"mean": 68.0, "ci": 0.0, "n": 2}, "social_frac": {"mean": 0.6743773232906846, "ci": 0.0075860052626448874, "n": 2}, "welfare": {"mean": 322.0, "ci": 35.279999999999994, "n": 2}}, {"offset": 300.0, "n_seeds": 5, "survivor_rate": {"mean": 0.36, "ci": 0.17086883858679439, "n": 5}, "cooperation": {"mean": 0.4840950151925762, "ci": 0.27243853504830773, "n": 5}, "reciprocity": {"mean": 0.22222222222222224, "ci": 0.38343734498724064, "n": 5}, "messages": {"mean": 24.4, "ci": 9.247378871874991, "n": 5}, "messages_per_round": {"mean": 0.45276085326790705, "ci": 0.24562076996350493, "n": 5}, "exposure": {"mean": 58.0, "ci": 15.898971035887824, "n": 5}, "social_frac": {"mean": 0.7499936482922985, "ci": 0.1425861856701489, "n": 5}, "welfare": {"mean": 235.8, "ci": 120.48086679635068, "n": 5}}, {"offset": 350.0, "n_seeds": 1, "survivor_rate": {"mean": 0.5, "ci": 0.0, "n": 1}, "cooperation": {"mean": 0.9922480620155039, "ci": 0.0, "n": 1}, "reciprocity": {"mean": 0.34831460674157305, "ci": 0.0, "n": 1}, "messages": {"mean": 125.0, "ci": 0.0, "n": 1}, "messages_per_round": {"mean": 1.838235294117647, "ci": 0.0, "n": 1}, "exposure": {"mean": 68.0, "ci": 0.0, "n": 1}, "social_frac": {"mean": 0.905829596412556, "ci": 0.0, "n": 1}, "welfare": {"mean": 318.0, "ci": 0.0, "n": 1}}]}