{"label": "51 runs \u00b7 up to 6 seeds \u00d7 10 offsets (mean \u00b1 95% CI)", "rows": [{"offset": 0.0, "n_seeds": 6, "survivor_rate": {"mean": 1.0, "ci": 0.0, "n": 6}, "cooperation": {"mean": 0.5666555427022161, "ci": 0.16357823985686099, "n": 6}, "reciprocity": {"mean": 0.21116718063732362, "ci": 0.2814493578847071, "n": 6}, "messages": {"mean": 29.666666666666668, "ci": 11.152688963255056, "n": 6}, "messages_per_round": {"mean": 0.9888888888888889, "ci": 0.3717562987751685, "n": 6}, "exposure": {"mean": 30.0, "ci": 0.0, "n": 6}, "social_frac": {"mean": 0.5283577106051217, "ci": 0.13522284551066188, "n": 6}, "welfare": {"mean": 276.5, "ci": 10.478823089132355, "n": 6}}, {"offset": 50.0, "n_seeds": 6, "survivor_rate": {"mean": 0.8333333333333334, "ci": 0.16868994130147863, "n": 6}, "cooperation": {"mean": 0.37029608561240074, "ci": 0.1624982214918323, "n": 6}, "reciprocity": {"mean": 0.07575757575757576, "ci": 0.1484848484848485, "n": 6}, "messages": {"mean": 19.5, "ci": 14.436301465403114, "n": 6}, "messages_per_round": {"mean": 0.702000777000777, "ci": 0.46732385243621877, "n": 6}, "exposure": {"mean": 26.333333333333332, "ci": 3.566505915380549, "n": 6}, "social_frac": {"mean": 0.6942569869450269, "ci": 0.02381955016422764, "n": 6}, "welfare": {"mean": 205.83333333333334, "ci": 52.964545038271694, "n": 6}}, {"offset": 100.0, "n_seeds": 5, "survivor_rate": {"mean": 0.9, "ci": 0.13066666666666665, "n": 5}, "cooperation": {"mean": 0.5759738264807389, "ci": 0.13212553025546395, "n": 5}, "reciprocity": {"mean": 0.2, "ci": 0.24093742848392075, "n": 5}, "messages": {"mean": 23.4, "ci": 7.756252703464476, "n": 5}, "messages_per_round": {"mean": 0.7912643678160919, "ci": 0.2655607621594946, "n": 5}, "exposure": {"mean": 29.6, "ci": 0.4800999895855029, "n": 5}, "social_frac": {"mean": 0.698344752365642, "ci": 0.12209741078882647, "n": 5}, "welfare": {"mean": 230.6, "ci": 34.82848856898616, "n": 5}}, {"offset": 150.0, "n_seeds": 4, "survivor_rate": {"mean": 0.7083333333333333, "ci": 0.2789447708511224, "n": 4}, "cooperation": {"mean": 0.543093020022247, "ci": 0.3217815042354689, "n": 4}, "reciprocity": {"mean": 0.4285714285714286, "ci": 0.49826365176146115, "n": 4}, "messages": {"mean": 15.25, "ci": 10.101608782763268, "n": 4}, "messages_per_round": {"mean": 0.5857683982683982, "ci": 0.2838587839554206, "n": 4}, "exposure": {"mean": 24.5, "ci": 5.39741913634038, "n": 4}, "social_frac": {"mean": 0.7566520104646762, "ci": 0.09066866581675265, "n": 4}, "welfare": {"mean": 170.5, "ci": 79.45658856675554, "n": 4}}, {"offset": 200.0, "n_seeds": 5, "survivor_rate": {"mean": 0.7666666666666666, "ci": 0.19599999999999998, "n": 5}, "cooperation": {"mean": 0.6639999999999999, "ci": 0.2699966696090898, "n": 5}, "reciprocity": {"mean": 0.5066666666666667, "ci": 0.4082157163940544, "n": 5}, "messages": {"mean": 18.4, "ci": 9.391652463757376, "n": 5}, "messages_per_round": {"mean": 0.6647272727272727, "ci": 0.27148641605516716, "n": 5}, "exposure": {"mean": 26.4, "ci": 3.074139879706192, "n": 5}, "social_frac": {"mean": 0.7033574903500219, "ci": 0.07250216931334022, "n": 5}, "welfare": {"mean": 191.0, "ci": 76.05961766929939, "n": 5}}, {"offset": 250.0, "n_seeds": 5, "survivor_rate": {"mean": 0.5666666666666667, "ci": 0.39471283513742267, "n": 5}, "cooperation": {"mean": 0.5471450118508943, "ci": 0.28896555672019875, "n": 5}, "reciprocity": {"mean": 0.4606060606060606, "ci": 0.38920028671267287, "n": 5}, "messages": {"mean": 16.8, "ci": 14.07110741910529, "n": 5}, "messages_per_round": {"mean": 0.7433333333333334, "ci": 0.3813451641590357, "n": 5}, "exposure": {"mean": 20.6, "ci": 8.352452095043706, "n": 5}, "social_frac": {"mean": 0.6431177943965667, "ci": 0.07870196508118922, "n": 5}, "welfare": {"mean": 130.8, "ci": 90.11610235690401, "n": 5}}, {"offset": 300.0, "n_seeds": 5, "survivor_rate": {"mean": 0.26666666666666666, "ci": 0.1665679707773643, "n": 5}, "cooperation": {"mean": 0.2854186118892001, "ci": 0.16645537294400883, "n": 5}, "reciprocity": {"mean": 0.24285714285714288, "ci": 0.2989581910568767, "n": 5}, "messages": {"mean": 6.2, "ci": 4.176226047521854, "n": 5}, "messages_per_round": {"mean": 0.385070485070485, "ci": 0.23603108003107998, "n": 5}, "exposure": {"mean": 15.6, "ci": 3.4841722115877105, "n": 5}, "social_frac": {"mean": 0.7820232314314093, "ci": 0.0895429942745207, "n": 5}, "welfare": {"mean": 57.4, "ci": 21.404420478022757, "n": 5}}, {"offset": 350.0, "n_seeds": 5, "survivor_rate": {"mean": 0.16666666666666666, "ci": 0.14608977452998625, "n": 5}, "cooperation": {"mean": 0.2391217158800279, "ci": 0.12756057606679067, "n": 5}, "reciprocity": {"mean": 0.0, "ci": 0.0, "n": 5}, "messages": {"mean": 6.0, "ci": 3.6140614272588114, "n": 5}, "messages_per_round": {"mean": 0.42681436210847973, "ci": 0.20669260339251982, "n": 5}, "exposure": {"mean": 13.4, "ci": 2.5252833504381242, "n": 5}, "social_frac": {"mean": 0.6928461931003711, "ci": 0.14370333670651064, "n": 5}, "welfare": {"mean": 38.0, "ci": 18.573520937075987, "n": 5}}, {"offset": 400.0, "n_seeds": 5, "survivor_rate": {"mean": 0.16666666666666666, "ci": 0.14608977452998625, "n": 5}, "cooperation": {"mean": 0.3004306220095693, "ci": 0.17311770334928228, "n": 5}, "reciprocity": {"mean": 0.15, "ci": 0.294, "n": 5}, "messages": {"mean": 2.6, "ci": 2.5252833504381242, "n": 5}, "messages_per_round": {"mean": 0.21029411764705883, "ci": 0.19631764917389016, "n": 5}, "exposure": {"mean": 12.6, "ci": 3.4285997141690365, "n": 5}, "social_frac": {"mean": 0.5889870290025673, "ci": 0.09030331723351204, "n": 5}, "welfare": {"mean": 28.8, "ci": 19.574503416434347, "n": 5}}, {"offset": 500.0, "n_seeds": 5, "survivor_rate": {"mean": 0.26666666666666666, "ci": 0.3666824239038463, "n": 5}, "cooperation": {"mean": 0.461005291005291, "ci": 0.18881320546224328, "n": 5}, "reciprocity": {"mean": 0.2866666666666666, "ci": 0.2844814698124759, "n": 5}, "messages": {"mean": 10.4, "ci": 8.443938417586903, "n": 5}, "messages_per_round": {"mean": 0.5611111111111111, "ci": 0.30383707459958625, "n": 5}, "exposure": {"mean": 16.6, "ci": 7.055999999999999, "n": 5}, "social_frac": {"mean": 0.6277365458114759, "ci": 0.10392388589638794, "n": 5}, "welfare": {"mean": 71.8, "ci": 93.61621517664553, "n": 5}}]}