{"label": "135 runs \u00b7 up to 10 seeds \u00d7 14 offsets \u00b7 10 games \u00d7 5 rounds (mean \u00b1 95% CI)", "rows": [{"offset": 0.0, "n_seeds": 10, "survivor_rate": {"mean": 0.9650000000000001, "ci": 0.0686, "n": 10}, "cooperation": {"mean": 0.20903874013043686, "ci": 0.1491076207072038, "n": 10}, "reciprocity": {"mean": 0.0011235955056179774, "ci": 0.002202247191011236, "n": 10}, "deception": {"mean": 0.0, "ci": 0.0, "n": 20}, "messages": {"mean": 35.7, "ci": 34.47724869146802, "n": 10}, "messages_per_round": {"mean": 0.3647297297297297, "ci": 0.3437929099936979, "n": 10}, "exposure": {"mean": 97.4, "ci": 5.096, "n": 10}, "social_frac": {"mean": 0.27288332861217496, "ci": 0.1105185249841961, "n": 10}, "welfare": {"mean": 893.0, "ci": 70.96595565637244, "n": 10}}, {"offset": 10.0, "n_seeds": 10, "survivor_rate": {"mean": 0.9, "ci": 0.11687181962398899, "n": 10}, "cooperation": {"mean": 0.5461716561472082, "ci": 0.2556414924102767, "n": 10}, "reciprocity": {"mean": 0.33760791589363015, "ci": 0.2446612814023649, "n": 10}, "deception": {"mean": 0.0, "ci": 0.0, "n": 297}, "messages": {"mean": 51.4, "ci": 27.423194853991752, "n": 10}, "messages_per_round": {"mean": 0.5364115230206561, "ci": 0.2673400913445329, "n": 10}, "exposure": {"mean": 92.9, "ci": 8.530692195439554, "n": 10}, "social_frac": {"mean": 0.705866705813297, "ci": 0.11395566874981887, "n": 10}, "welfare": {"mean": 816.2, "ci": 112.26228776891689, "n": 10}}, {"offset": 20.0, "n_seeds": 8, "survivor_rate": {"mean": 0.90625, "ci": 0.11179473377579105, "n": 8}, "cooperation": {"mean": 0.5081081071920159, "ci": 0.17645186088069376, "n": 8}, "reciprocity": {"mean": 0.08978909314013292, "ci": 0.14415789417452676, "n": 8}, "deception": {"mean": 0.00641025641025641, "ci": 0.012523768262377817, "n": 156}, "messages": {"mean": 71.5, "ci": 29.618521232499095, "n": 8}, "messages_per_round": {"mean": 0.7552877849704475, "ci": 0.31115170508871276, "n": 8}, "exposure": {"mean": 93.875, "ci": 7.100170772594134, "n": 8}, "social_frac": {"mean": 0.7187833799877222, "ci": 0.08688969252883141, "n": 8}, "welfare": {"mean": 811.0, "ci": 106.20298865851186, "n": 8}}, {"offset": 30.0, "n_seeds": 9, "survivor_rate": {"mean": 0.7999999999999999, "ci": 0.13955206117351968, "n": 9}, "cooperation": {"mean": 0.4439275869560582, "ci": 0.1782416047559453, "n": 9}, "reciprocity": {"mean": 0.3755434988625635, "ci": 0.2560354667996126, "n": 9}, "deception": {"mean": 0.0, "ci": 0.0, "n": 194}, "messages": {"mean": 34.22222222222222, "ci": 15.851843838696484, "n": 9}, "messages_per_round": {"mean": 0.39244157484335385, "ci": 0.1597411214241864, "n": 9}, "exposure": {"mean": 86.44444444444444, "ci": 9.91965227387371, "n": 9}, "social_frac": {"mean": 0.7094775769531376, "ci": 0.11221541508723591, "n": 9}, "welfare": {"mean": 678.2222222222222, "ci": 126.17741679334688, "n": 9}}, {"offset": 40.0, "n_seeds": 8, "survivor_rate": {"mean": 0.73125, "ci": 0.1581694107594765, "n": 8}, "cooperation": {"mean": 0.6096026955031593, "ci": 0.2006898139818106, "n": 8}, "reciprocity": {"mean": 0.1928396113003406, "ci": 0.23369647077229055, "n": 8}, "deception": {"mean": 0.0, "ci": 0.0, "n": 160}, "messages": {"mean": 48.125, "ci": 27.393554442605648, "n": 8}, "messages_per_round": {"mean": 0.6021762519561815, "ci": 0.3847068773096629, "n": 8}, "exposure": {"mean": 81.375, "ci": 11.117941581066164, "n": 8}, "social_frac": {"mean": 0.6359480185314055, "ci": 0.11528836873139908, "n": 8}, "welfare": {"mean": 598.25, "ci": 153.08750340899806, "n": 8}}, {"offset": 50.0, "n_seeds": 10, "survivor_rate": {"mean": 0.5950000000000001, "ci": 0.18904378093740903, "n": 10}, "cooperation": {"mean": 0.5617161506777862, "ci": 0.1529149828282845, "n": 10}, "reciprocity": {"mean": 0.4143041187550793, "ci": 0.25916102084992026, "n": 10}, "deception": {"mean": 0.0, "ci": 0.0, "n": 22}, "messages": {"mean": 43.5, "ci": 14.82433344950869, "n": 10}, "messages_per_round": {"mean": 0.5984023223889001, "ci": 0.1611510713374641, "n": 10}, "exposure": {"mean": 71.8, "ci": 13.641374710783365, "n": 10}, "social_frac": {"mean": 0.7482289232275297, "ci": 0.06183424418890391, "n": 10}, "welfare": {"mean": 498.1, "ci": 163.61049044877558, "n": 10}}, {"offset": 100.0, "n_seeds": 10, "survivor_rate": {"mean": 0.575, "ci": 0.18085064433270773, "n": 10}, "cooperation": {"mean": 0.44675434233478073, "ci": 0.13019117285804396, "n": 10}, "reciprocity": {"mean": 0.11918360433604336, "ci": 0.14493009960312206, "n": 10}, "deception": {"mean": 0.0, "ci": 0.0, "n": 170}, "messages": {"mean": 45.4, "ci": 14.474540652853584, "n": 10}, "messages_per_round": {"mean": 0.6234606619838929, "ci": 0.23736389951014952, "n": 10}, "exposure": {"mean": 74.6, "ci": 10.917510827412384, "n": 10}, "social_frac": {"mean": 0.7150564754530039, "ci": 0.07656151427416767, "n": 10}, "welfare": {"mean": 459.0, "ci": 130.50584770210276, "n": 10}}, {"offset": 150.0, "n_seeds": 10, "survivor_rate": {"mean": 0.48500000000000004, "ci": 0.1697724097464341, "n": 10}, "cooperation": {"mean": 0.4465565616345337, "ci": 0.10109527158352974, "n": 10}, "reciprocity": {"mean": 0.19768058738646974, "ci": 0.16271451233398057, "n": 10}, "deception": {"mean": 0.04938271604938271, "ci": 0.04718499368803445, "n": 81}, "messages": {"mean": 33.5, "ci": 18.893085154803767, "n": 10}, "messages_per_round": {"mean": 0.47280506515733683, "ci": 0.200420334152552, "n": 10}, "exposure": {"mean": 66.5, "ci": 12.51691868365906, "n": 10}, "social_frac": {"mean": 0.6642534387284634, "ci": 0.08509702494323283, "n": 10}, "welfare": {"mean": 364.6, "ci": 142.16695464761764, "n": 10}}, {"offset": 200.0, "n_seeds": 10, "survivor_rate": {"mean": 0.39, "ci": 0.15446878145581533, "n": 10}, "cooperation": {"mean": 0.5769239621978157, "ci": 0.10046261107636119, "n": 10}, "reciprocity": {"mean": 0.46138001253132827, "ci": 0.21200919362417076, "n": 10}, "deception": {"mean": 0.0, "ci": 0.0, "n": 31}, "messages": {"mean": 40.3, "ci": 16.605594826911666, "n": 10}, "messages_per_round": {"mean": 0.6900774737986579, "ci": 0.3203507069859292, "n": 10}, "exposure": {"mean": 62.5, "ci": 11.07684230977202, "n": 10}, "social_frac": {"mean": 0.7211515542799705, "ci": 0.07007256742895286, "n": 10}, "welfare": {"mean": 275.5, "ci": 92.34133457510299, "n": 10}}, {"offset": 250.0, "n_seeds": 10, "survivor_rate": {"mean": 0.45999999999999996, "ci": 0.17760575566249093, "n": 10}, "cooperation": {"mean": 0.48421965658581245, "ci": 0.13845848039190548, "n": 10}, "reciprocity": {"mean": 0.26499601847427934, "ci": 0.26496620370972074, "n": 10}, "deception": {"mean": 0.0, "ci": 0.0, "n": 56}, "messages": {"mean": 39.8, "ci": 21.87798633837726, "n": 10}, "messages_per_round": {"mean": 0.5452604529954275, "ci": 0.25279524258271857, "n": 10}, "exposure": {"mean": 67.6, "ci": 12.107661045800713, "n": 10}, "social_frac": {"mean": 0.6316227764277593, "ci": 0.04902645044685468, "n": 10}, "welfare": {"mean": 370.3, "ci": 162.63461455258124, "n": 10}}, {"offset": 300.0, "n_seeds": 10, "survivor_rate": {"mean": 0.33499999999999996, "ci": 0.12571362517863985, "n": 10}, "cooperation": {"mean": 0.4298572085957792, "ci": 0.15120179797763758, "n": 10}, "reciprocity": {"mean": 0.2097718253968254, "ci": 0.2170535048284946, "n": 10}, "deception": {"mean": 0.0, "ci": 0.0, "n": 12}, "messages": {"mean": 25.2, "ci": 6.492700311375331, "n": 10}, "messages_per_round": {"mean": 0.45743658102543155, "ci": 0.13589681150546068, "n": 10}, "exposure": {"mean": 57.7, "ci": 9.615548612071548, "n": 10}, "social_frac": {"mean": 0.742363460211171, "ci": 0.085399577711778, "n": 10}, "welfare": {"mean": 232.8, "ci": 82.27840430581473, "n": 10}}, {"offset": 350.0, "n_seeds": 10, "survivor_rate": {"mean": 0.36, "ci": 0.17334892237590888, "n": 10}, "cooperation": {"mean": 0.5942380325387806, "ci": 0.18697968469028955, "n": 10}, "reciprocity": {"mean": 0.3027520955947922, "ci": 0.22114216846806134, "n": 10}, "deception": {"mean": 0.0, "ci": 0.0, "n": 59}, "messages": {"mean": 50.2, "ci": 27.665870382115216,