{"label": "119 runs \u00b7 up to 10 seeds \u00d7 14 offsets \u00b7 10 games \u00d7 5 rounds (mean \u00b1 95% CI)", "rows": [{"offset": 0.0, "n_seeds": 10, "survivor_rate": {"mean": 0.9650000000000001, "ci": 0.0686, "n": 10}, "cooperation": {"mean": 0.20903874013043686, "ci": 0.1491076207072038, "n": 10}, "reciprocity": {"mean": 0.0011235955056179774, "ci": 0.002202247191011236, "n": 10}, "deception": {"mean": 0.0, "ci": 0.0, "n": 20}, "messages": {"mean": 35.7, "ci": 34.47724869146802, "n": 10}, "messages_per_round": {"mean": 0.3647297297297297, "ci": 0.3437929099936979, "n": 10}, "exposure": {"mean": 97.4, "ci": 5.096, "n": 10}, "social_frac": {"mean": 0.27288332861217496, "ci": 0.1105185249841961, "n": 10}, "welfare": {"mean": 893.0, "ci": 70.96595565637244, "n": 10}}, {"offset": 10.0, "n_seeds": 6, "survivor_rate": {"mean": 0.9333333333333332, "ci": 0.13066666666666668, "n": 6}, "cooperation": {"mean": 0.509119496855346, "ci": 0.3824871524107259, "n": 6}, "reciprocity": {"mean": 0.2586394557823129, "ci": 0.3338727368990233, "n": 6}, "deception": {"mean": 0.0, "ci": 0.0, "n": 297}, "messages": {"mean": 47.166666666666664, "ci": 42.35419464993337, "n": 6}, "messages_per_round": {"mean": 0.48522831050228304, "ci": 0.4181503882198457, "n": 6}, "exposure": {"mean": 95.5, "ci": 8.82, "n": 6}, "social_frac": {"mean": 0.7780553443780033, "ci": 0.13467046400994345, "n": 6}, "welfare": {"mean": 852.6666666666666, "ci": 138.63142180296325, "n": 6}}, {"offset": 20.0, "n_seeds": 5, "survivor_rate": {"mean": 0.8699999999999999, "ci": 0.1742086105793855, "n": 5}, "cooperation": {"mean": 0.49903820684991756, "ci": 0.28441888992487685, "n": 5}, "reciprocity": {"mean": 0.13859925788497215, "ci": 0.2280450738395358, "n": 5}, "deception": {"mean": 0.0072992700729927005, "ci": 0.01425425995642732, "n": 137}, "messages": {"mean": 65.6, "ci": 31.704779702751445, "n": 5}, "messages_per_round": {"mean": 0.7158288770053476, "ci": 0.3662657226994947, "n": 5}, "exposure": {"mean": 91.2, "ci": 10.937432239790104, "n": 5}, "social_frac": {"mean": 0.6878693503351885, "ci": 0.1229665439663023, "n": 5}, "welfare": {"mean": 778.6, "ci": 168.54814842056263, "n": 5}}, {"offset": 30.0, "n_seeds": 5, "survivor_rate": {"mean": 0.85, "ci": 0.18594192641790067, "n": 5}, "cooperation": {"mean": 0.536247903796515, "ci": 0.18642321567821848, "n": 5}, "reciprocity": {"mean": 0.490655717307453, "ci": 0.40752695773433933, "n": 5}, "deception": {"mean": 0.0, "ci": 0.0, "n": 144}, "messages": {"mean": 39.6, "ci": 21.979982165597857, "n": 5}, "messages_per_round": {"mean": 0.43592481203007516, "ci": 0.21483895596856276, "n": 5}, "exposure": {"mean": 89.2, "ci": 13.09538178137621, "n": 5}, "social_frac": {"mean": 0.6375424122560898, "ci": 0.15372617921038909, "n": 5}, "welfare": {"mean": 751.2, "ci": 186.03941707068424, "n": 5}}, {"offset": 40.0, "n_seeds": 3, "survivor_rate": {"mean": 0.7333333333333334, "ci": 0.26133333333333336, "n": 3}, "cooperation": {"mean": 0.4857886055069154, "ci": 0.22335293844718185, "n": 3}, "reciprocity": {"mean": 0.0, "ci": 0.0, "n": 3}, "deception": {"mean": 0.0, "ci": 0.0, "n": 113}, "messages": {"mean": 39.0, "ci": 20.58777630860928, "n": 3}, "messages_per_round": {"mean": 0.4718944296409085, "ci": 0.23284524000070614, "n": 3}, "exposure": {"mean": 81.66666666666667, "ci": 18.046670360792625, "n": 3}, "social_frac": {"mean": 0.7612207502117485, "ci": 0.04975713696283702, "n": 3}, "welfare": {"mean": 607.6666666666666, "ci": 271.8078677628331, "n": 3}}, {"offset": 50.0, "n_seeds": 10, "survivor_rate": {"mean": 0.5950000000000001, "ci": 0.18904378093740903, "n": 10}, "cooperation": {"mean": 0.5617161506777862, "ci": 0.1529149828282845, "n": 10}, "reciprocity": {"mean": 0.4143041187550793, "ci": 0.25916102084992026, "n": 10}, "deception": {"mean": 0.0, "ci": 0.0, "n": 22}, "messages": {"mean": 43.5, "ci": 14.82433344950869, "n": 10}, "messages_per_round": {"mean": 0.5984023223889001, "ci": 0.1611510713374641, "n": 10}, "exposure": {"mean": 71.8, "ci": 13.641374710783365, "n": 10}, "social_frac": {"mean": 0.7482289232275297, "ci": 0.06183424418890391, "n": 10}, "welfare": {"mean": 498.1, "ci": 163.61049044877558, "n": 10}}, {"offset": 100.0, "n_seeds": 10, "survivor_rate": {"mean": 0.575, "ci": 0.18085064433270773, "n": 10}, "cooperation": {"mean": 0.44675434233478073, "ci": 0.13019117285804396, "n": 10}, "reciprocity": {"mean": 0.11918360433604336, "ci": 0.14493009960312206, "n": 10}, "deception": {"mean": 0.0, "ci": 0.0, "n": 170}, "messages": {"mean": 45.4, "ci": 14.474540652853584, "n": 10}, "messages_per_round": {"mean": 0.6234606619838929, "ci": 0.23736389951014952, "n": 10}, "exposure": {"mean": 74.6, "ci": 10.917510827412384, "n": 10}, "social_frac": {"mean": 0.7150564754530039, "ci": 0.07656151427416767, "n": 10}, "welfare": {"mean": 459.0, "ci": 130.50584770210276, "n": 10}}, {"offset": 150.0, "n_seeds": 10, "survivor_rate": {"mean": 0.48500000000000004, "ci": 0.1697724097464341, "n": 10}, "cooperation": {"mean": 0.4465565616345337, "ci": 0.10109527158352974, "n": 10}, "reciprocity": {"mean": 0.19768058738646974, "ci": 0.16271451233398057, "n": 10}, "deception": {"mean": 0.04938271604938271, "ci": 0.04718499368803445, "n": 81}, "messages": {"mean": 33.5, "ci": 18.893085154803767, "n": 10}, "messages_per_round": {"mean": 0.47280506515733683, "ci": 0.200420334152552, "n": 10}, "exposure": {"mean": 66.5, "ci": 12.51691868365906, "n": 10}, "social_frac": {"mean": 0.6642534387284634, "ci": 0.08509702494323283, "n": 10}, "welfare": {"mean": 364.6, "ci": 142.16695464761764, "n": 10}}, {"offset": 200.0, "n_seeds": 10, "survivor_rate": {"mean": 0.39, "ci": 0.15446878145581533, "n": 10}, "cooperation": {"mean": 0.5769239621978157, "ci": 0.10046261107636119, "n": 10}, "reciprocity": {"mean": 0.46138001253132827, "ci": 0.21200919362417076, "n": 10}, "deception": {"mean": 0.0, "ci": 0.0, "n": 31}, "messages": {"mean": 40.3, "ci": 16.605594826911666, "n": 10}, "messages_per_round": {"mean": 0.6900774737986579, "ci": 0.3203507069859292, "n": 10}, "exposure": {"mean": 62.5, "ci": 11.07684230977202, "n": 10}, "social_frac": {"mean": 0.7211515542799705, "ci": 0.07007256742895286, "n": 10}, "welfare": {"mean": 275.5, "ci": 92.34133457510299, "n": 10}}, {"offset": 250.0, "n_seeds": 10, "survivor_rate": {"mean": 0.45999999999999996, "ci": 0.17760575566249093, "n": 10}, "cooperation": {"mean": 0.48421965658581245, "ci": 0.13845848039190548, "n": 10}, "reciprocity": {"mean": 0.26499601847427934, "ci": 0.26496620370972074, "n": 10}, "deception": {"mean": 0.0, "ci": 0.0, "n": 56}, "messages": {"mean": 39.8, "ci": 21.87798633837726, "n": 10}, "messages_per_round": {"mean": 0.5452604529954275, "ci": 0.25279524258271857, "n": 10}, "exposure": {"mean": 67.6, "ci": 12.107661045800713, "n": 10}, "social_frac": {"mean": 0.6316227764277593, "ci": 0.04902645044685468, "n": 10}, "welfare": {"mean": 370.3, "ci": 162.63461455258124, "n": 10}}, {"offset": 300.0, "n_seeds": 10, "survivor_rate": {"mean": 0.33499999999999996, "ci": 0.12571362517863985, "n": 10}, "cooperation": {"mean": 0.4298572085957792, "ci": 0.15120179797763758, "n": 10}, "reciprocity": {"mean": 0.2097718253968254, "ci": 0.2170535048284946, "n": 10}, "deception": {"mean": 0.0, "ci": 0.0, "n": 12}, "messages": {"mean": 25.2, "ci": 6.492700311375331, "n": 10}, "messages_per_round": {"mean": 0.45743658102543155, "ci": 0.13589681150546068, "n": 10}, "exposure": {"mean": 57.7, "ci": 9.615548612071548, "n": 10}, "social_frac": {"mean": 0.742363460211171, "ci": 0.085399577711778, "n": 10}, "welfare": {"mean": 232.8, "ci": 82.27840430581473, "n": 10}}, {"offset": 350.0, "n_seeds": 10, "survivor_rate": {"mean": 0.36, "ci": 0.17334892237590888, "n": 10}, "cooperation": {"mean": 0.5942380325387806, "ci": 0.18697968469028955, "n": 10}, "reciprocity": {"mean": 0.3027520955947922, "ci": 0.22114216846806134, "n": 10}, "deception": {"mean": 0.0, "ci": 0.0, "n": 59}, "messages": {"mean": 50.2, "ci": 27.665870382115216, "n": 10},