{"label": "98 runs \u00b7 up to 10 seeds \u00d7 12 offsets \u00b7 10 games \u00d7 5 rounds (mean \u00b1 95% CI)", "rows": [{"offset": 0.0, "n_seeds": 7, "survivor_rate": {"mean": 0.9500000000000001, "ci": 0.09799999999999998, "n": 7}, "cooperation": {"mean": 0.16581506096308693, "ci": 0.1558592682698387, "n": 7}, "reciprocity": {"mean": 0.0, "ci": 0.0, "n": 7}, "deception": {"mean": 0.0, "ci": 0.0, "n": 20}, "messages": {"mean": 17.857142857142858, "ci": 17.259602158412186, "n": 7}, "messages_per_round": {"mean": 0.18961389961389963, "ci": 0.175623537987376, "n": 7}, "exposure": {"mean": 96.28571428571429, "ci": 7.2799999999999985, "n": 7}, "social_frac": {"mean": 0.2243277481891844, "ci": 0.1029273067658798, "n": 7}, "welfare": {"mean": 869.2857142857143, "ci": 97.61631557617132, "n": 7}}, {"offset": 10.0, "n_seeds": 1, "survivor_rate": {"mean": 0.6, "ci": 0.0, "n": 1}, "cooperation": {"mean": 0.25471698113207547, "ci": 0.0, "n": 1}, "reciprocity": {"mean": 0.0, "ci": 0.0, "n": 1}, "deception": {"mean": NaN, "ci": 0.0, "n": 0}, "messages": {"mean": 22.0, "ci": 0.0, "n": 1}, "messages_per_round": {"mean": 0.3013698630136986, "ci": 0.0, "n": 1}, "exposure": {"mean": 73.0, "ci": 0.0, "n": 1}, "social_frac": {"mean": 0.602, "ci": 0.0, "n": 1}, "welfare": {"mean": 502.0, "ci": 0.0, "n": 1}}, {"offset": 20.0, "n_seeds": 1, "survivor_rate": {"mean": 0.55, "ci": 0.0, "n": 1}, "cooperation": {"mean": 0.3283582089552239, "ci": 0.0, "n": 1}, "reciprocity": {"mean": 0.0, "ci": 0.0, "n": 1}, "deception": {"mean": NaN, "ci": 0.0, "n": 0}, "messages": {"mean": 22.0, "ci": 0.0, "n": 1}, "messages_per_round": {"mean": 0.3055555555555556, "ci": 0.0, "n": 1}, "exposure": {"mean": 72.0, "ci": 0.0, "n": 1}, "social_frac": {"mean": 0.7104677060133631, "ci": 0.0, "n": 1}, "welfare": {"mean": 473.0, "ci": 0.0, "n": 1}}, {"offset": 50.0, "n_seeds": 10, "survivor_rate": {"mean": 0.5950000000000001, "ci": 0.18904378093740903, "n": 10}, "cooperation": {"mean": 0.5617161506777862, "ci": 0.1529149828282845, "n": 10}, "reciprocity": {"mean": 0.4143041187550793, "ci": 0.25916102084992026, "n": 10}, "deception": {"mean": 0.0, "ci": 0.0, "n": 22}, "messages": {"mean": 43.5, "ci": 14.82433344950869, "n": 10}, "messages_per_round": {"mean": 0.5984023223889001, "ci": 0.1611510713374641, "n": 10}, "exposure": {"mean": 71.8, "ci": 13.641374710783365, "n": 10}, "social_frac": {"mean": 0.7482289232275297, "ci": 0.06183424418890391, "n": 10}, "welfare": {"mean": 498.1, "ci": 163.61049044877558, "n": 10}}, {"offset": 100.0, "n_seeds": 10, "survivor_rate": {"mean": 0.575, "ci": 0.18085064433270773, "n": 10}, "cooperation": {"mean": 0.44675434233478073, "ci": 0.13019117285804396, "n": 10}, "reciprocity": {"mean": 0.11918360433604336, "ci": 0.14493009960312206, "n": 10}, "deception": {"mean": 0.0, "ci": 0.0, "n": 170}, "messages": {"mean": 45.4, "ci": 14.474540652853584, "n": 10}, "messages_per_round": {"mean": 0.6234606619838929, "ci": 0.23736389951014952, "n": 10}, "exposure": {"mean": 74.6, "ci": 10.917510827412384, "n": 10}, "social_frac": {"mean": 0.7150564754530039, "ci": 0.07656151427416767, "n": 10}, "welfare": {"mean": 459.0, "ci": 130.50584770210276, "n": 10}}, {"offset": 150.0, "n_seeds": 10, "survivor_rate": {"mean": 0.48500000000000004, "ci": 0.1697724097464341, "n": 10}, "cooperation": {"mean": 0.4465565616345337, "ci": 0.10109527158352974, "n": 10}, "reciprocity": {"mean": 0.19768058738646974, "ci": 0.16271451233398057, "n": 10}, "deception": {"mean": 0.04938271604938271, "ci": 0.04718499368803445, "n": 81}, "messages": {"mean": 33.5, "ci": 18.893085154803767, "n": 10}, "messages_per_round": {"mean": 0.47280506515733683, "ci": 0.200420334152552, "n": 10}, "exposure": {"mean": 66.5, "ci": 12.51691868365906, "n": 10}, "social_frac": {"mean": 0.6642534387284634, "ci": 0.08509702494323283, "n": 10}, "welfare": {"mean": 364.6, "ci": 142.16695464761764, "n": 10}}, {"offset": 200.0, "n_seeds": 10, "survivor_rate": {"mean": 0.39, "ci": 0.15446878145581533, "n": 10}, "cooperation": {"mean": 0.5769239621978157, "ci": 0.10046261107636119, "n": 10}, "reciprocity": {"mean": 0.46138001253132827, "ci": 0.21200919362417076, "n": 10}, "deception": {"mean": 0.0, "ci": 0.0, "n": 31}, "messages": {"mean": 40.3, "ci": 16.605594826911666, "n": 10}, "messages_per_round": {"mean": 0.6900774737986579, "ci": 0.3203507069859292, "n": 10}, "exposure": {"mean": 62.5, "ci": 11.07684230977202, "n": 10}, "social_frac": {"mean": 0.7211515542799705, "ci": 0.07007256742895286, "n": 10}, "welfare": {"mean": 275.5, "ci": 92.34133457510299, "n": 10}}, {"offset": 250.0, "n_seeds": 10, "survivor_rate": {"mean": 0.45999999999999996, "ci": 0.17760575566249093, "n": 10}, "cooperation": {"mean": 0.48421965658581245, "ci": 0.13845848039190548, "n": 10}, "reciprocity": {"mean": 0.26499601847427934, "ci": 0.26496620370972074, "n": 10}, "deception": {"mean": 0.0, "ci": 0.0, "n": 56}, "messages": {"mean": 39.8, "ci": 21.87798633837726, "n": 10}, "messages_per_round": {"mean": 0.5452604529954275, "ci": 0.25279524258271857, "n": 10}, "exposure": {"mean": 67.6, "ci": 12.107661045800713, "n": 10}, "social_frac": {"mean": 0.6316227764277593, "ci": 0.04902645044685468, "n": 10}, "welfare": {"mean": 370.3, "ci": 162.63461455258124, "n": 10}}, {"offset": 300.0, "n_seeds": 10, "survivor_rate": {"mean": 0.33499999999999996, "ci": 0.12571362517863985, "n": 10}, "cooperation": {"mean": 0.4298572085957792, "ci": 0.15120179797763758, "n": 10}, "reciprocity": {"mean": 0.2097718253968254, "ci": 0.2170535048284946, "n": 10}, "deception": {"mean": 0.0, "ci": 0.0, "n": 12}, "messages": {"mean": 25.2, "ci": 6.492700311375331, "n": 10}, "messages_per_round": {"mean": 0.45743658102543155, "ci": 0.13589681150546068, "n": 10}, "exposure": {"mean": 57.7, "ci": 9.615548612071548, "n": 10}, "social_frac": {"mean": 0.742363460211171, "ci": 0.085399577711778, "n": 10}, "welfare": {"mean": 232.8, "ci": 82.27840430581473, "n": 10}}, {"offset": 350.0, "n_seeds": 10, "survivor_rate": {"mean": 0.36, "ci": 0.17334892237590888, "n": 10}, "cooperation": {"mean": 0.5942380325387806, "ci": 0.18697968469028955, "n": 10}, "reciprocity": {"mean": 0.3027520955947922, "ci": 0.22114216846806134, "n": 10}, "deception": {"mean": 0.0, "ci": 0.0, "n": 59}, "messages": {"mean": 50.2, "ci": 27.665870382115216, "n": 10}, "messages_per_round": {"mean": 0.82497035480859, "ci": 0.43158074782222033, "n": 10}, "exposure": {"mean": 61.1, "ci": 11.10839594380955, "n": 10}, "social_frac": {"mean": 0.723530618205243, "ci": 0.0967391098791629, "n": 10}, "welfare": {"mean": 279.7, "ci": 130.95057456748918, "n": 10}}, {"offset": 400.0, "n_seeds": 10, "survivor_rate": {"mean": 0.225, "ci": 0.16218597007413704, "n": 10}, "cooperation": {"mean": 0.40137132375298384, "ci": 0.09838054385338497, "n": 10}, "reciprocity": {"mean": 0.22157482157482158, "ci": 0.2073043303361993, "n": 10}, "deception": {"mean": 0.0, "ci": 0.0, "n": 86}, "messages": {"mean": 21.2, "ci": 11.258584556782534, "n": 10}, "messages_per_round": {"mean": 0.40508047304998696, "ci": 0.19310796079029036, "n": 10}, "exposure": {"mean": 53.1, "ci": 10.828199316804453, "n": 10}, "social_frac": {"mean": 0.6619384232311197, "ci": 0.08866796189969402, "n": 10}, "welfare": {"mean": 193.1, "ci": 105.7562635833505, "n": 10}}, {"offset": 500.0, "n_seeds": 9, "survivor_rate": {"mean": 0.1777777777777778, "ci": 0.08346175290233764, "n": 9}, "cooperation": {"mean": 0.40390332079529156, "ci": 0.07653686712492762, "n": 9}, "reciprocity": {"mean": 0.2125020636273833, "ci": 0.2105035169653909, "n": 9}, "deception": {"mean": 0.0, "ci": 0.0, "n": 14}, "messages": {"mean": 23.22222222222222, "ci": 5.355518211027012, "n": 9}, "messages_per_round": {"mean": 0.4657138196361104, "ci": 0.12084563735279702, "n": 9}, "exposure": {"mean": 52.333333333333336, "ci": 9.546270941518939, "n": 9}, "social_frac": {"mean": 0.7502232793013353, "ci": 0.09593835898984776, "n": 9}, "welfare": {"mean": 154.88888888888889, "ci": 52.343626211204274, "n": 9}}]}